#timeStamp px(m) py(m) doseRate(uSv/h)
1517155531.087992582 1.07664e-38 2.49593e-20 1.15789 0 2018-01-29 00:05:31 87
1517155531.088427801 1.07664e-38 2.49593e-20 1.15789 0 2018-01-29 00:05:31 88
1517155532.088590480 1.07664e-38 2.49593e-20 1.78947 0 2018-01-29 00:05:32 88
1517155533.088616854 1.07664e-38 2.49593e-20 1.78947 0 2018-01-29 00:05:33 88
1517155534.088596456 1.07664e-38 2.49593e-20 2 0 2018-01-29 00:05:34 88
1517155535.088625643 1.07664e-38 2.49593e-20 2 0 2018-01-29 00:05:35 88
1517155536.088921034 1.07664e-38 2.49593e-20 2 0 2018-01-29 00:05:36 88
1517155537.088668494 1.07664e-38 2.49593e-20 2 0 2018-01-29 00:05:37 88
1517155538.088615283 1.07664e-38 2.49593e-20 2.42105 0 2018-01-29 00:05:38 88
1517155539.088568113 1.07664e-38 2.49593e-20 2.42105 0 2018-01-29 00:05:39 88
1517155540.088615633 1.07664e-38 2.49593e-20 2.10526 0 2018-01-29 00:05:40 88
1517155541.088634142 1.07664e-38 2.49593e-20 2.10526 0 2018-01-29 00:05:41 88
1517155542.088625307 1.07664e-38 2.49593e-20 1.78947 0 2018-01-29 00:05:42 88
1517155543.088580637 1.07664e-38 2.49593e-20 1.78947 0 2018-01-29 00:05:43 88
1517155544.088587688 1.07664e-38 2.49593e-20 1.36842 0 2018-01-29 00:05:44 88
1517155545.088781358 1.07664e-38 2.49593e-20 1.36842 0 2018-01-29 00:05:45 88
1517155546.088602674 1.07664e-38 2.49593e-20 1.36842 0 2018-01-29 00:05:46 88
1517155547.088605610 1.07664e-38 2.49593e-20 1.36842 0 2018-01-29 00:05:47 88
1517155548.088617192 1.07664e-38 2.49593e-20 1.78947 0 2018-01-29 00:05:48 88
1517155549.088561949 1.07664e-38 2.49593e-20 1.78947 0 2018-01-29 00:05:49 88
1517155550.088553634 1.07664e-38 2.49593e-20 1.57895 0 2018-01-29 00:05:50 88
1517155551.088569279 1.07664e-38 2.49593e-20 1.57895 0 2018-01-29 00:05:51 88
1517155552.088642060 1.07664e-38 2.49593e-20 0.631579 0 2018-01-29 00:05:52 88
1517155553.088585724 1.07664e-38 2.49593e-20 0.631579 0 2018-01-29 00:05:53 88
1517155554.088597410 1.07664e-38 2.49593e-20 0.842105 0 2018-01-29 00:05:54 88
1517155555.088566907 1.07664e-38 2.49593e-20 0.842105 0 2018-01-29 00:05:55 88
1517155556.088650834 1.07664e-38 2.49593e-20 1.57895 0 2018-01-29 00:05:56 88
1517155557.088700594 1.07664e-38 2.49593e-20 1.57895 0 2018-01-29 00:05:57 88
1517155558.088950359 1.07664e-38 2.49593e-20 1.47368 0 2018-01-29 00:05:58 88
1517155559.088998088 1.07664e-38 2.49593e-20 1.47368 0 2018-01-29 00:05:59 88
1517155560.088690130 1.07664e-38 2.49593e-20 1.26316 0 2018-01-29 00:06:00 88
1517155561.088872550 1.07664e-38 2.49593e-20 1.26316 0 2018-01-29 00:06:01 88
1517155562.088538237 1.07664e-38 2.49593e-20 1.47368 0 2018-01-29 00:06:02 88
1517155563.088588622 1.07664e-38 2.49593e-20 1.47368 0 2018-01-29 00:06:03 88
1517155564.088616507 1.07664e-38 2.49593e-20 1.89474 0 2018-01-29 00:06:04 88
1517155565.088570587 1.07664e-38 2.49593e-20 1.89474 0 2018-01-29 00:06:05 88
1517155566.088599930 1.07664e-38 2.49593e-20 2.21053 0 2018-01-29 00:06:06 88
1517155567.088550104 1.07664e-38 2.49593e-20 2.21053 0 2018-01-29 00:06:07 88
1517155568.088590124 1.07664e-38 2.49593e-20 1.68421 0 2018-01-29 00:06:08 88
1517155569.089023175 1.07664e-38 2.49593e-20 1.68421 0 2018-01-29 00:06:09 88
1517155570.088589328 1.07664e-38 2.49593e-20 1.36842 0 2018-01-29 00:06:10 88
1517155571.088581587 1.07664e-38 2.49593e-20 1.36842 0 2018-01-29 00:06:11 88
1517155572.088676921 1.07664e-38 2.49593e-20 1.26316 0 2018-01-29 00:06:12 88
1517155573.088575896 1.07664e-38 2.49593e-20 1.26316 0 2018-01-29 00:06:13 88
1517155574.088646802 1.07664e-38 2.49593e-20 1.15789 0 2018-01-29 00:06:14 88
1517155575.088627706 1.07664e-38 2.49593e-20 1.15789 0 2018-01-29 00:06:15 88
1517155576.088592932 1.07664e-38 2.49593e-20 1.57895 0 2018-01-29 00:06:16 88
1517155577.088630869 1.07664e-38 2.49593e-20 1.57895 0 2018-01-29 00:06:17 88
1517155578.088557709 1.07664e-38 2.49593e-20 1.47368 0 2018-01-29 00:06:18 88
1517155579.088567572 1.07664e-38 2.49593e-20 1.47368 0 2018-01-29 00:06:19 88
1517155580.089110990 1.07664e-38 2.49593e-20 1.47368 0 2018-01-29 00:06:20 88
1517155581.088634487 1.07664e-38 2.49593e-20 1.47368 0 2018-01-29 00:06:21 88
1517155582.088678309 1.07664e-38 2.49593e-20 1.78947 0 2018-01-29 00:06:22 88
1517155583.088549835 1.07664e-38 2.49593e-20 1.78947 0 2018-01-29 00:06:23 88
1517155584.088658138 1.07664e-38 2.49593e-20 2.21053 0 2018-01-29 00:06:24 88
1517155585.088640188 1.07664e-38 2.49593e-20 2.21053 0 2018-01-29 00:06:25 88
1517155586.088641978 1.07664e-38 2.49593e-20 1.78947 0 2018-01-29 00:06:26 88
1517155587.088576370 1.07664e-38 2.49593e-20 1.78947 0 2018-01-29 00:06:27 88
1517155588.088607953 1.07664e-38 2.49593e-20 1.68421 0 2018-01-29 00:06:28 88
1517155589.088625680 1.07664e-38 2.49593e-20 1.68421 0 2018-01-29 00:06:29 88
1517155590.088574344 1.07664e-38 2.49593e-20 1.68421 0 2018-01-29 00:06:30 88
1517155591.088575717 1.07664e-38 2.49593e-20 1.68421 0 2018-01-29 00:06:31 88
1517155592.088602560 1.07664e-38 2.49593e-20 2.10526 0 2018-01-29 00:06:32 88
1517155593.088578307 1.07664e-38 2.49593e-20 2.10526 0 2018-01-29 00:06:33 88
1517155594.088632338 1.07664e-38 2.49593e-20 1.78947 0 2018-01-29 00:06:34 88
1517155595.088815122 1.07664e-38 2.49593e-20 1.78947 0 2018-01-29 00:06:35 88
1517155596.088669513 1.07664e-38 2.49593e-20 1.36842 0 2018-01-29 00:06:36 88
1517155597.088603957 1.07664e-38 2.49593e-20 1.36842 0 2018-01-29 00:06:37 88
1517155598.088589445 1.07664e-38 2.49593e-20 1.15789 0 2018-01-29 00:06:38 88
1517155599.088558421 1.07664e-38 2.49593e-20 1.15789 0 2018-01-29 00:06:39 88
1517155600.088588962 1.07664e-38 2.49593e-20 1.26316 0 2018-01-29 00:06:40 88
1517155601.088586897 1.07664e-38 2.49593e-20 1.26316 0 2018-01-29 00:06:41 88
1517155602.088635147 1.07664e-38 2.49593e-20 1.15789 0 2018-01-29 00:06:42 88
1517155603.088584644 1.07664e-38 2.49593e-20 1.15789 0 2018-01-29 00:06:43 88
1517155604.088596955 1.07664e-38 2.49593e-20 1.78947 0 2018-01-29 00:06:44 88
1517155605.088624370 1.07664e-38 2.49593e-20 1.78947 0 2018-01-29 00:06:45 88
1517155606.088653817 1.07664e-38 2.49593e-20 1.15789 0 2018-01-29 00:06:46 88
1517155607.088751599 1.07664e-38 2.49593e-20 1.15789 0 2018-01-29 00:06:47 88
1517155608.088591093 1.07664e-38 2.49593e-20 0.842105 0 2018-01-29 00:06:48 88
1517155609.088585747 1.07664e-38 2.49593e-20 0.842105 0 2018-01-29 00:06:49 88
1517155610.088593110 1.07664e-38 2.49593e-20 0.947368 0 2018-01-29 00:06:50 88
1517155611.088615161 1.07664e-38 2.49593e-20 0.947368 0 2018-01-29 00:06:51 88
1517155612.088605649 1.07664e-38 2.49593e-20 1.47368 0 2018-01-29 00:06:52 88
1517155613.088662440 1.07664e-38 2.49593e-20 1.47368 0 2018-01-29 00:06:53 88
1517155614.088581572 1.07664e-38 2.49593e-20 2.10526 0 2018-01-29 00:06:54 88
1517155615.088596851 1.07664e-38 2.49593e-20 2.10526 0 2018-01-29 00:06:55 88
1517155616.088644580 1.07664e-38 2.49593e-20 1.89474 0 2018-01-29 00:06:56 88
1517155617.088556836 1.07664e-38 2.49593e-20 1.89474 0 2018-01-29 00:06:57 88
1517155618.088600086 1.07664e-38 2.49593e-20 1.68421 0 2018-01-29 00:06:58 88
1517155619.088568958 1.07664e-38 2.49593e-20 1.68421 0 2018-01-29 00:06:59 88
1517155620.088582259 1.07664e-38 2.49593e-20 1.78947 0 2018-01-29 00:07:00 88
1517155621.088566913 1.07664e-38 2.49593e-20 1.78947 0 2018-01-29 00:07:01 88
1517155622.088876783 1.07664e-38 2.49593e-20 1.57895 0 2018-01-29 00:07:02 88
1517155623.088590910 1.07664e-38 2.49593e-20 1.57895 0 2018-01-29 00:07:03 88
1517155624.088703640 1.07664e-38 2.49593e-20 1.57895 0 2018-01-29 00:07:04 88
1517155625.088607302 1.07664e-38 2.49593e-20 1.57895 0 2018-01-29 00:07:05 88
1517155626.088591175 1.07664e-38 2.49593e-20 1.36842 0 2018-01-29 00:07:06 88
1517155627.088569527 1.07664e-38 2.49593e-20 1.36842 0 2018-01-29 00:07:07 88
1517155628.088538399 1.07664e-38 2.49593e-20 1.36842 0 2018-01-29 00:07:08 88
1517155629.088575555 1.07664e-38 2.49593e-20 1.36842 0 2018-01-29 00:07:09 88
1517155630.088598960 1.07664e-38 2.49593e-20 1.26316 0 2018-01-29 00:07:10 88
1517155631.088644032 1.07664e-38 2.49593e-20 1.26316 0 2018-01-29 00:07:11 88
1517155632.088751762 1.07664e-38 2.49593e-20 1.26316 0 2018-01-29 00:07:12 88
1517155633.088507765 1.07664e-38 2.49593e-20 1.26316 0 2018-01-29 00:07:13 88
1517155634.088807531 1.07664e-38 2.49593e-20 1.36842 0 2018-01-29 00:07:14 88
1517155635.088524730 1.07664e-38 2.49593e-20 1.36842 0 2018-01-29 00:07:15 88
1517155636.088613397 1.07664e-38 2.49593e-20 1.15789 0 2018-01-29 00:07:16 88
1517155637.088617583 1.07664e-38 2.49593e-20 1.15789 0 2018-01-29 00:07:17 88
1517155638.088544007 1.07664e-38 2.49593e-20 1.05263 0 2018-01-29 00:07:18 88
1517155639.088609027 1.07664e-38 2.49593e-20 1.05263 0 2018-01-29 00:07:19 88
1517155640.088605869 1.07664e-38 2.49593e-20 1.05263 0 2018-01-29 00:07:20 88
1517155641.088727193 1.07664e-38 2.49593e-20 1.05263 0 2018-01-29 00:07:21 88
1517155642.088551843 1.07664e-38 2.49593e-20 1.26316 0 2018-01-29 00:07:22 88
1517155643.088593947 1.07664e-38 2.49593e-20 1.26316 0 2018-01-29 00:07:23 88
1517155644.088627612 1.07664e-38 2.49593e-20 1.26316 0 2018-01-29 00:07:24 88
1517155645.088984568 1.07664e-38 2.49593e-20 1.26316 0 2018-01-29 00:07:25 88
1517155646.088646453 1.07664e-38 2.49593e-20 1.36842 0 2018-01-29 00:07:26 88
1517155647.088698296 1.07664e-38 2.49593e-20 1.36842 0 2018-01-29 00:07:27 88
1517155648.088593261 1.07664e-38 2.49593e-20 1.36842 0 2018-01-29 00:07:28 88
1517155649.088641458 1.07664e-38 2.49593e-20 1.36842 0 2018-01-29 00:07:29 88
1517155650.088622935 1.07664e-38 2.49593e-20 1.26316 0 2018-01-29 00:07:30 88
1517155651.088581442 1.07664e-38 2.49593e-20 1.26316 0 2018-01-29 00:07:31 88
1517155652.088939647 1.07664e-38 2.49593e-20 1.15789 0 2018-01-29 00:07:32 88
1517155653.088627263 1.07664e-38 2.49593e-20 1.15789 0 2018-01-29 00:07:33 88
1517155654.088600927 1.07664e-38 2.49593e-20 1.15789 0 2018-01-29 00:07:34 88
1517155655.088588914 1.07664e-38 2.49593e-20 1.15789 0 2018-01-29 00:07:35 88
1517155656.088603309 1.07664e-38 2.49593e-20 1.47368 0 2018-01-29 00:07:36 88
1517155657.088561035 1.07664e-38 2.49593e-20 1.47368 0 2018-01-29 00:07:37 88
1517155658.088604962 1.07664e-38 2.49593e-20 1.26316 0 2018-01-29 00:07:38 88
1517155659.088566907 1.07664e-38 2.49593e-20 1.26316 0 2018-01-29 00:07:39 88
1517155660.088613854 1.07664e-38 2.49593e-20 1.26316 0 2018-01-29 00:07:40 88
1517155661.088734605 1.07664e-38 2.49593e-20 1.26316 0 2018-01-29 00:07:41 88
1517155662.088586548 1.07664e-38 2.49593e-20 1.36842 0 2018-01-29 00:07:42 88
1517155663.088678340 1.07664e-38 2.49593e-20 1.36842 0 2018-01-29 00:07:43 88
1517155664.088579138 1.07664e-38 2.49593e-20 1.15789 0 2018-01-29 00:07:44 88
1517155665.088589782 1.07664e-38 2.49593e-20 1.15789 0 2018-01-29 00:07:45 88
1517155666.088631312 1.07664e-38 2.49593e-20 1.26316 0 2018-01-29 00:07:46 88
1517155667.088536069 1.07664e-38 2.49593e-20 1.26316 0 2018-01-29 00:07:47 88
1517155668.088589735 1.07664e-38 2.49593e-20 1.57895 0 2018-01-29 00:07:48 88
1517155669.088570795 1.07664e-38 2.49593e-20 1.57895 0 2018-01-29 00:07:49 88
1517155670.089056503 1.07664e-38 2.49593e-20 2 0 2018-01-29 00:07:50 88
1517155671.088691565 1.07664e-38 2.49593e-20 2 0 2018-01-29 00:07:51 88
1517155672.088603926 1.07664e-38 2.49593e-20 1.47368 0 2018-01-29 00:07:52 88
1517155673.088583423 1.07664e-38 2.49593e-20 1.47368 0 2018-01-29 00:07:53 88
1517155674.088664226 1.07664e-38 2.49593e-20 1.89474 0 2018-01-29 00:07:54 88
1517155675.088696016 1.07664e-38 2.49593e-20 1.89474 0 2018-01-29 00:07:55 88
1517155676.088652857 1.07664e-38 2.49593e-20 1.68421 0 2018-01-29 00:07:56 88
1517155677.089275652 1.07664e-38 2.49593e-20 1.68421 0 2018-01-29 00:07:57 88
1517155678.088519455 1.07664e-38 2.49593e-20 1.26316 0 2018-01-29 00:07:58 88
1517155679.088654789 1.07664e-38 2.49593e-20 1.26316 0 2018-01-29 00:07:59 88
1517155680.088651319 1.07664e-38 2.49593e-20 1.57895 0 2018-01-29 00:08:00 88
1517155681.088645244 1.07664e-38 2.49593e-20 1.57895 0 2018-01-29 00:08:01 88
1517155682.088693129 1.07664e-38 2.49593e-20 1.78947 0 2018-01-29 00:08:02 88
1517155683.088576009 1.07664e-38 2.49593e-20 1.78947 0 2018-01-29 00:08:03 88
1517155684.088731397 1.07664e-38 2.49593e-20 1.36842 0 2018-01-29 00:08:04 88
1517155685.088939338 1.07664e-38 2.49593e-20 1.36842 0 2018-01-29 00:08:05 88
1517155686.088751175 1.07664e-38 2.49593e-20 1.47368 0 2018-01-29 00:08:06 88
1517155687.089413607 1.07664e-38 2.49593e-20 1.47368 0 2018-01-29 00:08:07 89
1517155688.088787933 1.07664e-38 2.49593e-20 1.78947 0 2018-01-29 00:08:08 88
1517155689.090257051 1.07664e-38 2.49593e-20 1.78947 0 2018-01-29 00:08:09 90
1517155690.088550621 1.07664e-38 2.49593e-20 2.52632 0 2018-01-29 00:08:10 88
1517155691.088800699 1.07664e-38 2.49593e-20 2.52632 0 2018-01-29 00:08:11 88
1517155692.089581258 1.07664e-38 2.49593e-20 2.10526 0 2018-01-29 00:08:12 89
1517155693.088627920 1.07664e-38 2.49593e-20 2.10526 0 2018-01-29 00:08:13 88
1517155694.088648825 1.07664e-38 2.49593e-20 1.78947 0 2018-01-29 00:08:14 88
1517155695.088804577 1.07664e-38 2.49593e-20 1.78947 0 2018-01-29 00:08:15 88
1517155696.088827461 1.07664e-38 2.49593e-20 2.10526 0 2018-01-29 00:08:16 88
1517155697.088787062 1.07664e-38 2.49593e-20 2.10526 0 2018-01-29 00:08:17 88
1517155698.088596972 1.07664e-38 2.49593e-20 2.42105 0 2018-01-29 00:08:18 88
1517155699.088739703 1.07664e-38 2.49593e-20 2.42105 0 2018-01-29 00:08:19 88
1517155700.088529665 1.07664e-38 2.49593e-20 2 0 2018-01-29 00:08:20 88
1517155701.088662135 1.07664e-38 2.49593e-20 2 0 2018-01-29 00:08:21 88
1517155702.088816846 1.07664e-38 2.49593e-20 1.89474 0 2018-01-29 00:08:22 88
1517155703.089042027 1.07664e-38 2.49593e-20 1.89474 0 2018-01-29 00:08:23 88
1517155704.088590420 1.07664e-38 2.49593e-20 2.21053 0 2018-01-29 00:08:24 88
1517155705.088628252 1.07664e-38 2.49593e-20 2.21053 0 2018-01-29 00:08:25 88
1517155706.088577957 1.07664e-38 2.49593e-20 1.78947 0 2018-01-29 00:08:26 88
1517155707.088552038 1.07664e-38 2.49593e-20 1.78947 0 2018-01-29 00:08:27 88
1517155708.088673415 1.07664e-38 2.49593e-20 1.26316 0 2018-01-29 00:08:28 88
1517155709.088578379 1.07664e-38 2.49593e-20 1.26316 0 2018-01-29 00:08:29 88
1517155710.088548814 1.07664e-38 2.49593e-20 1.47368 0 2018-01-29 00:08:30 88
1517155711.088562583 1.07664e-38 2.49593e-20 1.47368 0 2018-01-29 00:08:31 88
1517155712.088616823 1.07664e-38 2.49593e-20 2 0 2018-01-29 00:08:32 88
1517155713.088566007 1.07664e-38 2.49593e-20 2 0 2018-01-29 00:08:33 88
1517155714.088586495 1.07664e-38 2.49593e-20 1.78947 0 2018-01-29 00:08:34 88
1517155715.088562347 1.07664e-38 2.49593e-20 1.78947 0 2018-01-29 00:08:35 88
1517155716.088695234 1.07664e-38 2.49593e-20 1.47368 0 2018-01-29 00:08:36 88
1517155717.088998021 1.07664e-38 2.49593e-20 1.47368 0 2018-01-29 00:08:37 88
1517155718.088656313 1.07664e-38 2.49593e-20 1.36842 0 2018-01-29 00:08:38 88
1517155719.088584715 1.07664e-38 2.49593e-20 1.36842 0 2018-01-29 00:08:39 88
1517155720.088587860 1.07664e-38 2.49593e-20 1.78947 0 2018-01-29 00:08:40 88
1517155721.088583295 1.07664e-38 2.49593e-20 1.78947 0 2018-01-29 00:08:41 88
1517155722.088657639 1.07664e-38 2.49593e-20 1.89474 0 2018-01-29 00:08:42 88
1517155723.088625157 1.07664e-38 2.49593e-20 1.89474 0 2018-01-29 00:08:43 88
1517155724.088726012 1.07664e-38 2.49593e-20 2.10526 0 2018-01-29 00:08:44 88
1517155725.088580246 1.07664e-38 2.49593e-20 2.10526 0 2018-01-29 00:08:45 88
1517155726.088564952 1.07664e-38 2.49593e-20 2.10526 0 2018-01-29 00:08:46 88
1517155727.088570701 1.07664e-38 2.49593e-20 2.10526 0 2018-01-29 00:08:47 88
1517155728.088582960 1.07664e-38 2.49593e-20 2.21053 0 2018-01-29 00:08:48 88
1517155729.088589385 1.07664e-38 2.49593e-20 2.21053 0 2018-01-29 00:08:49 88
1517155730.088728626 1.07664e-38 2.49593e-20 2.10526 0 2018-01-29 00:08:50 88
1517155731.088568954 1.07664e-38 2.49593e-20 2.10526 0 2018-01-29 00:08:51 88
1517155732.088591109 1.07664e-38 2.49593e-20 1.78947 0 2018-01-29 00:08:52 88
1517155733.088587482 1.07664e-38 2.49593e-20 1.78947 0 2018-01-29 00:08:53 88
1517155734.088605991 1.07664e-38 2.49593e-20 1.57895 0 2018-01-29 00:08:54 88
1517155735.088598614 1.07664e-38 2.49593e-20 1.57895 0 2018-01-29 00:08:55 88
1517155736.088590612 1.07664e-38 2.49593e-20 1.26316 0 2018-01-29 00:08:56 88
1517155737.088579381 1.07664e-38 2.49593e-20 1.26316 0 2018-01-29 00:08:57 88
1517155738.088610651 1.07664e-38 2.49593e-20 1.15789 0 2018-01-29 00:08:58 88
1517155739.088572491 1.07664e-38 2.49593e-20 1.15789 0 2018-01-29 00:08:59 88
1517155740.088617720 1.07664e-38 2.49593e-20 1.68421 0 2018-01-29 00:09:00 88
1517155741.088573727 1.07664e-38 2.49593e-20 1.68421 0 2018-01-29 00:09:01 88
1517155742.088672499 1.07664e-38 2.49593e-20 2 0 2018-01-29 00:09:02 88
1517155743.088653195 1.07664e-38 2.49593e-20 2 0 2018-01-29 00:09:03 88
1517155744.088610192 1.07664e-38 2.49593e-20 1.57895 0 2018-01-29 00:09:04 88
1517155745.088688650 1.07664e-38 2.49593e-20 1.57895 0 2018-01-29 00:09:05 88
1517155746.088597000 1.07664e-38 2.49593e-20 1.36842 0 2018-01-29 00:09:06 88
1517155747.088555404 1.07664e-38 2.49593e-20 1.36842 0 2018-01-29 00:09:07 88
1517155748.088785481 1.07664e-38 2.49593e-20 1.36842 0 2018-01-29 00:09:08 88
1517155749.088551952 1.07664e-38 2.49593e-20 1.36842 0 2018-01-29 00:09:09 88
1517155750.088579003 1.07664e-38 2.49593e-20 1.36842 0 2018-01-29 00:09:10 88
1517155751.088591106 1.07664e-38 2.49593e-20 1.36842 0 2018-01-29 00:09:11 88
1517155752.088568885 1.07664e-38 2.49593e-20 1.36842 0 2018-01-29 00:09:12 88
1517155753.088658229 1.07664e-38 2.49593e-20 1.36842 0 2018-01-29 00:09:13 88
1517155754.088573558 1.07664e-38 2.49593e-20 1.47368 0 2018-01-29 00:09:14 88
1517155755.088708997 1.07664e-38 2.49593e-20 1.47368 0 2018-01-29 00:09:15 88
1517155756.088795894 1.07664e-38 2.49593e-20 1.26316 0 2018-01-29 00:09:16 88
1517155757.088563823 1.07664e-38 2.49593e-20 1.26316 0 2018-01-29 00:09:17 88
1517155758.088585926 1.07664e-38 2.49593e-20 1.36842 0 2018-01-29 00:09:18 88
1517155759.088559590 1.07664e-38 2.49593e-20 1.36842 0 2018-01-29 00:09:19 88
1517155760.088586381 1.07664e-38 2.49593e-20 1.47368 0 2018-01-29 00:09:20 88
1517155761.088680100 1.07664e-38 2.49593e-20 1.47368 0 2018-01-29 00:09:21 88
1517155762.088699547 1.07664e-38 2.49593e-20 1.68421 0 2018-01-29 00:09:22 88
1517155763.088583105 1.07664e-38 2.49593e-20 1.68421 0 2018-01-29 00:09:23 88
1517155764.088551456 1.07664e-38 2.49593e-20 2 0 2018-01-29 00:09:24 88
1517155765.088730438 1.07664e-38 2.49593e-20 2 0 2018-01-29 00:09:25 88
1517155766.088709519 1.07664e-38 2.49593e-20 1.78947 0 2018-01-29 00:09:26 88
1517155767.088585264 1.07664e-38 2.49593e-20 1.78947 0 2018-01-29 00:09:27 88
1517155768.088635024 1.07664e-38 2.49593e-20 2 0 2018-01-29 00:09:28 88
1517155769.088640981 1.07664e-38 2.49593e-20 2 0 2018-01-29 00:09:29 88
1517155770.088634750 1.07664e-38 2.49593e-20 1.57895 0 2018-01-29 00:09:30 88
1517155771.088583153 1.07664e-38 2.49593e-20 1.57895 0 2018-01-29 00:09:31 88
1517155772.088594682 1.07664e-38 2.49593e-20 1.68421 0 2018-01-29 00:09:32 88
1517155773.088714132 1.07664e-38 2.49593e-20 1.68421 0 2018-01-29 00:09:33 88
1517155774.088585085 1.07664e-38 2.49593e-20 1.89474 0 2018-01-29 00:09:34 88
1517155775.088618438 1.07664e-38 2.49593e-20 1.89474 0 2018-01-29 00:09:35 88
1517155776.088569654 1.07664e-38 2.49593e-20 2.10526 0 2018-01-29 00:09:36 88
1517155777.088866191 1.07664e-38 2.49593e-20 2.10526 0 2018-01-29 00:09:37 88
1517155778.088627454 1.07664e-38 2.49593e-20 2.73684 0 2018-01-29 00:09:38 88
1517155779.088574346 1.07664e-38 2.49593e-20 2.73684 0 2018-01-29 00:09:39 88
1517155780.088597283 1.07664e-38 2.49593e-20 3.05263 0 2018-01-29 00:09:40 88
1517155781.088547717 1.07664e-38 2.49593e-20 3.05263 0 2018-01-29 00:09:41 88
1517155782.088648416 1.07664e-38 2.49593e-20 2.21053 0 2018-01-29 00:09:42 88
1517155783.088897608 1.07664e-38 2.49593e-20 2.21053 0 2018-01-29 00:09:43 88
1517155784.088601317 1.07664e-38 2.49593e-20 1.26316 0 2018-01-29 00:09:44 88
1517155785.088581700 1.07664e-38 2.49593e-20 1.26316 0 2018-01-29 00:09:45 88
1517155786.088619533 1.07664e-38 2.49593e-20 1.05263 0 2018-01-29 00:09:46 88
1517155787.088583613 1.07664e-38 2.49593e-20 1.05263 0 2018-01-29 00:09:47 88
1517155788.088732959 1.07664e-38 2.49593e-20 1.26316 0 2018-01-29 00:09:48 88
1517155789.089623157 1.07664e-38 2.49593e-20 1.26316 0 2018-01-29 00:09:49 89
1517155790.088587316 1.07664e-38 2.49593e-20 1.26316 0 2018-01-29 00:09:50 88
1517155791.088568533 1.07664e-38 2.49593e-20 1.26316 0 2018-01-29 00:09:51 88
1517155792.088646731 1.07664e-38 2.49593e-20 1.78947 0 2018-01-29 00:09:52 88
1517155793.088555550 1.07664e-38 2.49593e-20 1.78947 0 2018-01-29 00:09:53 88
1517155794.088535360 1.07664e-38 2.49593e-20 1.57895 0 2018-01-29 00:09:54 88
1517155795.088617621 1.07664e-38 2.49593e-20 1.57895 0 2018-01-29 00:09:55 88
1517155796.088651495 1.07664e-38 2.49593e-20 1.78947 0 2018-01-29 00:09:56 88
1517155797.088594325 1.07664e-38 2.49593e-20 1.78947 0 2018-01-29 00:09:57 88
1517155798.088596740 1.07664e-38 2.49593e-20 1.47368 0 2018-01-29 00:09:58 88
1517155799.088559310 1.07664e-38 2.49593e-20 1.47368 0 2018-01-29 00:09:59 88
1517155800.088606205 1.07664e-38 2.49593e-20 1.68421 0 2018-01-29 00:10:00 88
1517155801.088747738 1.07664e-38 2.49593e-20 1.68421 0 2018-01-29 00:10:01 88
1517155802.088595566 1.07664e-38 2.49593e-20 1.47368 0 2018-01-29 00:10:02 88
1517155803.088628711 1.07664e-38 2.49593e-20 1.47368 0 2018-01-29 00:10:03 88
1517155804.088601333 1.07664e-38 2.49593e-20 1.57895 0 2018-01-29 00:10:04 88
1517155805.088593696 1.07664e-38 2.49593e-20 1.57895 0 2018-01-29 00:10:05 88
1517155806.088600121 1.07664e-38 2.49593e-20 1.15789 0 2018-01-29 00:10:06 88
1517155807.088635454 1.07664e-38 2.49593e-20 1.15789 0 2018-01-29 00:10:07 88
1517155808.088715266 1.07664e-38 2.49593e-20 1.26316 0 2018-01-29 00:10:08 88
1517155809.088588303 1.07664e-38 2.49593e-20 1.26316 0 2018-01-29 00:10:09 88
1517155810.088611760 1.07664e-38 2.49593e-20 2 0 2018-01-29 00:10:10 88
1517155811.088566726 1.07664e-38 2.49593e-20 2 0 2018-01-29 00:10:11 88
1517155812.088631330 1.07664e-38 2.49593e-20 2 0 2018-01-29 00:10:12 88
1517155813.088665464 1.07664e-38 2.49593e-20 2 0 2018-01-29 00:10:13 88
1517155814.088669233 1.07664e-38 2.49593e-20 2.63158 0 2018-01-29 00:10:14 88
1517155815.088608366 1.07664e-38 2.49593e-20 2.63158 0 2018-01-29 00:10:15 88
1517155816.088659740 1.07664e-38 2.49593e-20 2.21053 0 2018-01-29 00:10:16 88
1517155817.088628821 1.07664e-38 2.49593e-20 2.21053 0 2018-01-29 00:10:17 88
1517155818.088607277 1.07664e-38 2.49593e-20 1.47368 0 2018-01-29 00:10:18 88
1517155819.088560263 1.07664e-38 2.49593e-20 1.47368 0 2018-01-29 00:10:19 88
1517155820.088882791 1.07664e-38 2.49593e-20 0.947368 0 2018-01-29 00:10:20 88
1517155821.088633897 1.07664e-38 2.49593e-20 0.947368 0 2018-01-29 00:10:21 88
1517155822.088608603 1.07664e-38 2.49593e-20 1.15789 0 2018-01-29 00:10:22 88
1517155823.088597840 1.07664e-38 2.49593e-20 1.15789 0 2018-01-29 00:10:23 88
1517155824.088597443 1.07664e-38 2.49593e-20 1.05263 0 2018-01-29 00:10:24 88
1517155825.088686891 1.07664e-38 2.49593e-20 1.05263 0 2018-01-29 00:10:25 88
1517155826.088785298 1.07664e-38 2.49593e-20 1.47368 0 2018-01-29 00:10:26 88
1517155827.088580729 1.07664e-38 2.49593e-20 1.47368 0 2018-01-29 00:10:27 88
1517155828.088596790 1.07664e-38 2.49593e-20 2 0 2018-01-29 00:10:28 88
1517155829.088576548 1.07664e-38 2.49593e-20 2 0 2018-01-29 00:10:29 88
1517155830.088569275 1.07664e-38 2.49593e-20 2 0 2018-01-29 00:10:30 88
1517155831.088650234 1.07664e-38 2.49593e-20 2 0 2018-01-29 00:10:31 88
1517155832.088594834 1.07664e-38 2.49593e-20 2.42105 0 2018-01-29 00:10:32 88
1517155833.088711471 1.07664e-38 2.49593e-20 2.42105 0 2018-01-29 00:10:33 88
1517155834.088592529 1.07664e-38 2.49593e-20 2.94737 0 2018-01-29 00:10:34 88
1517155835.088566818 1.07664e-38 2.49593e-20 2.94737 0 2018-01-29 00:10:35 88
1517155836.088590275 1.07664e-38 2.49593e-20 2.52632 0 2018-01-29 00:10:36 88
1517155837.089267082 1.07664e-38 2.49593e-20 2.52632 0 2018-01-29 00:10:37 88
1517155838.088564323 1.07664e-38 2.49593e-20 2.52632 0 2018-01-29 00:10:38 88
1517155839.088767785 1.07664e-38 2.49593e-20 2.52632 0 2018-01-29 00:10:39 88
1517155840.088605560 1.07664e-38 2.49593e-20 2.31579 0 2018-01-29 00:10:40 88
1517155841.088570005 1.07664e-38 2.49593e-20 2.31579 0 2018-01-29 00:10:41 88
1517155842.088616015 1.07664e-38 2.49593e-20 2.42105 0 2018-01-29 00:10:42 88
1517155843.088576189 1.07664e-38 2.49593e-20 2.42105 0 2018-01-29 00:10:43 88
1517155844.088574333 1.07664e-38 2.49593e-20 1.68421 0 2018-01-29 00:10:44 88
1517155845.088565602 1.07664e-38 2.49593e-20 1.68421 0 2018-01-29 00:10:45 88
1517155846.088583746 1.07664e-38 2.49593e-20 1.68421 0 2018-01-29 00:10:46 88
1517155847.088751166 1.07664e-38 2.49593e-20 1.68421 0 2018-01-29 00:10:47 88
1517155848.088592170 1.07664e-38 2.49593e-20 0.947368 0 2018-01-29 00:10:48 88
1517155849.088628857 1.07664e-38 2.49593e-20 0.947368 0 2018-01-29 00:10:49 88
1517155850.088656585 1.07664e-38 2.49593e-20 1.36842 0 2018-01-29 00:10:50 88
1517155851.088717126 1.07664e-38 2.49593e-20 1.36842 0 2018-01-29 00:10:51 88
1517155852.088803710 1.07664e-38 2.49593e-20 2 0 2018-01-29 00:10:52 88
1517155853.088737633 1.07664e-38 2.49593e-20 2 0 2018-01-29 00:10:53 88
1517155854.088581659 1.07664e-38 2.49593e-20 2.52632 0 2018-01-29 00:10:54 88
1517155855.088570271 1.07664e-38 2.49593e-20 2.52632 0 2018-01-29 00:10:55 88
1517155856.088793473 1.07664e-38 2.49593e-20 1.78947 0 2018-01-29 00:10:56 88
1517155857.088591039 1.07664e-38 2.49593e-20 1.78947 0 2018-01-29 00:10:57 88
1517155858.088686217 1.07664e-38 2.49593e-20 1.36842 0 2018-01-29 00:10:58 88
1517155859.088597275 1.07664e-38 2.49593e-20 1.36842 0 2018-01-29 00:10:59 88
1517155860.088600940 1.07664e-38 2.49593e-20 1.26316 0 2018-01-29 00:11:00 88
1517155861.088552989 1.07664e-38 2.49593e-20 1.26316 0 2018-01-29 00:11:01 88
1517155862.088702908 1.07664e-38 2.49593e-20 1.26316 0 2018-01-29 00:11:02 88
1517155863.089146115 1.07664e-38 2.49593e-20 1.26316 0 2018-01-29 00:11:03 88
1517155864.089134415 1.07664e-38 2.49593e-20 1.36842 0 2018-01-29 00:11:04 88
1517155865.088980108 1.07664e-38 2.49593e-20 1.36842 0 2018-01-29 00:11:05 88
1517155866.088938146 1.07664e-38 2.49593e-20 1.68421 0 2018-01-29 00:11:06 88
1517155867.088876445 1.07664e-38 2.49593e-20 1.68421 0 2018-01-29 00:11:07 88
1517155868.088913757 1.07664e-38 2.49593e-20 2.31579 0 2018-01-29 00:11:08 88
1517155869.088878619 1.07664e-38 2.49593e-20 2.31579 0 2018-01-29 00:11:09 88
1517155870.088591651 1.07664e-38 2.49593e-20 2.10526 0 2018-01-29 00:11:10 88
1517155871.088588076 1.07664e-38 2.49593e-20 2.10526 0 2018-01-29 00:11:11 88
1517155872.088813726 1.07664e-38 2.49593e-20 1.68421 0 2018-01-29 00:11:12 88
1517155873.088576968 1.07664e-38 2.49593e-20 1.68421 0 2018-01-29 00:11:13 88
1517155874.088591363 1.07664e-38 2.49593e-20 1.68421 0 2018-01-29 00:11:14 88
1517155875.088570235 1.07664e-38 2.49593e-20 1.68421 0 2018-01-29 00:11:15 88
1517155876.088655465 1.07664e-38 2.49593e-20 1.68421 0 2018-01-29 00:11:16 88
1517155877.088799967 1.07664e-38 2.49593e-20 1.68421 0 2018-01-29 00:11:17 88
1517155878.088634929 1.07664e-38 2.49593e-20 1.68421 0 2018-01-29 00:11:18 88
1517155879.088577551 1.07664e-38 2.49593e-20 1.68421 0 2018-01-29 00:11:19 88
1517155880.088607259 1.07664e-38 2.49593e-20 2 0 2018-01-29 00:11:20 88
1517155881.088561860 1.07664e-38 2.49593e-20 2 0 2018-01-29 00:11:21 88
1517155882.088581098 1.07664e-38 2.49593e-20 2.21053 0 2018-01-29 00:11:22 88
1517155883.088562783 1.07664e-38 2.49593e-20 2.21053 0 2018-01-29 00:11:23 88
1517155884.088600720 1.07664e-38 2.49593e-20 1.57895 0 2018-01-29 00:11:24 88
1517155885.088580061 1.07664e-38 2.49593e-20 1.57895 0 2018-01-29 00:11:25 88
1517155886.088649197 1.07664e-38 2.49593e-20 2.10526 0 2018-01-29 00:11:26 88
1517155887.088573589 1.07664e-38 2.49593e-20 2.10526 0 2018-01-29 00:11:27 88
1517155888.088593504 1.07664e-38 2.49593e-20 2.10526 0 2018-01-29 00:11:28 88
1517155889.088563418 1.07664e-38 2.49593e-20 2.10526 0 2018-01-29 00:11:29 88
1517155890.088659846 1.07664e-38 2.49593e-20 1.89474 0 2018-01-29 00:11:30 88
1517155891.088562779 1.07664e-38 2.49593e-20 1.89474 0 2018-01-29 00:11:31 88
1517155892.088657696 1.07664e-38 2.49593e-20 1.57895 0 2018-01-29 00:11:32 88
1517155893.088847929 1.07664e-38 2.49593e-20 1.57895 0 2018-01-29 00:11:33 88
1517155894.088657318 1.07664e-38 2.49593e-20 1.47368 0 2018-01-29 00:11:34 88
1517155895.088571710 1.07664e-38 2.49593e-20 1.47368 0 2018-01-29 00:11:35 88
1517155896.088635584 1.07664e-38 2.49593e-20 1.78947 0 2018-01-29 00:11:36 88
1517155897.088583154 1.07664e-38 2.49593e-20 1.78947 0 2018-01-29 00:11:37 88
1517155898.088601038 1.07664e-38 2.49593e-20 1.89474 0 2018-01-29 00:11:38 88
1517155899.088708716 1.07664e-38 2.49593e-20 1.89474 0 2018-01-29 00:11:39 88
1517155900.088639827 1.07664e-38 2.49593e-20 1.68421 0 2018-01-29 00:11:40 88
1517155901.088633648 1.07664e-38 2.49593e-20 1.68421 0 2018-01-29 00:11:41 88
1517155902.088595958 1.07664e-38 2.49593e-20 2.42105 0 2018-01-29 00:11:42 88
1517155903.088571914 1.07664e-38 2.49593e-20 2.42105 0 2018-01-29 00:11:43 88
1517155904.088593496 1.07664e-38 2.49593e-20 2.42105 0 2018-01-29 00:11:44 88
1517155905.088590442 1.07664e-38 2.49593e-20 2.42105 0 2018-01-29 00:11:45 88
1517155906.088595618 1.07664e-38 2.49593e-20 2.52632 0 2018-01-29 00:11:46 88
1517155907.088574178 1.07664e-38 2.49593e-20 2.52632 0 2018-01-29 00:11:47 88
1517155908.088578832 1.07664e-38 2.49593e-20 2.52632 0 2018-01-29 00:11:48 88
1517155909.088601560 1.07664e-38 2.49593e-20 2.52632 0 2018-01-29 00:11:49 88
1517155910.088588193 1.07664e-38 2.49593e-20 2.10526 0 2018-01-29 00:11:50 88
1517155911.088677121 1.07664e-38 2.49593e-20 2.10526 0 2018-01-29 00:11:51 88
1517155912.088679848 1.07664e-38 2.49593e-20 1.15789 0 2018-01-29 00:11:52 88
1517155913.088569656 1.07664e-38 2.49593e-20 1.15789 0 2018-01-29 00:11:53 88
1517155914.088600874 1.07664e-38 2.49593e-20 1.78947 0 2018-01-29 00:11:54 88
1517155915.088589747 1.07664e-38 2.49593e-20 1.78947 0 2018-01-29 00:11:55 88
1517155916.089135561 1.07664e-38 2.49593e-20 2.31579 0 2018-01-29 00:11:56 88
1517155917.088562076 1.07664e-38 2.49593e-20 2.31579 0 2018-01-29 00:11:57 88
1517155918.088642045 1.07664e-38 2.49593e-20 1.89474 0 2018-01-29 00:11:58 88
1517155919.088568260 1.07664e-38 2.49593e-20 1.89474 0 2018-01-29 00:11:59 88
1517155920.088654375 1.07664e-38 2.49593e-20 2.10526 0 2018-01-29 00:12:00 88
1517155921.088604236 1.07664e-38 2.49593e-20 2.10526 0 2018-01-29 00:12:01 88
1517155922.088852960 1.07664e-38 2.49593e-20 2.21053 0 2018-01-29 00:12:02 88
1517155923.088584066 1.07664e-38 2.49593e-20 2.21053 0 2018-01-29 00:12:03 88
1517155924.088599918 1.07664e-38 2.49593e-20 2.10526 0 2018-01-29 00:12:04 88
1517155925.088542228 1.07664e-38 2.49593e-20 2.10526 0 2018-01-29 00:12:05 88
1517155926.088591258 1.07664e-38 2.49593e-20 2.52632 0 2018-01-29 00:12:06 88
1517155927.088550026 1.07664e-38 2.49593e-20 2.52632 0 2018-01-29 00:12:07 88
1517155928.088833334 1.07664e-38 2.49593e-20 2.31579 0 2018-01-29 00:12:08 88
1517155929.088602774 1.07664e-38 2.49593e-20 2.31579 0 2018-01-29 00:12:09 88
1517155930.088646700 1.07664e-38 2.49593e-20 2.10526 0 2018-01-29 00:12:10 88
1517155931.088613125 1.07664e-38 2.49593e-20 2.10526 0 2018-01-29 00:12:11 88
1517155932.088661999 1.07664e-38 2.49593e-20 1.89474 0 2018-01-29 00:12:12 88
1517155933.088757489 1.07664e-38 2.49593e-20 1.89474 0 2018-01-29 00:12:13 88
1517155934.088612817 1.07664e-38 2.49593e-20 1.68421 0 2018-01-29 00:12:14 88
1517155935.088582159 1.07664e-38 2.49593e-20 1.68421 0 2018-01-29 00:12:15 88
1517155936.088789527 1.07664e-38 2.49593e-20 1.57895 0 2018-01-29 00:12:16 88
1517155937.088587301 1.07664e-38 2.49593e-20 1.57895 0 2018-01-29 00:12:17 88
1517155938.088601018 1.07664e-38 2.49593e-20 1.05263 0 2018-01-29 00:12:18 88
1517155939.088621611 1.07664e-38 2.49593e-20 1.05263 0 2018-01-29 00:12:19 88
1517155940.088703298 1.07664e-38 2.49593e-20 0.842105 0 2018-01-29 00:12:20 88
1517155941.088525084 1.07664e-38 2.49593e-20 0.842105 0 2018-01-29 00:12:21 88
1517155942.088703597 1.07664e-38 2.49593e-20 2.10526 0 2018-01-29 00:12:22 88
1517155943.088603040 1.07664e-38 2.49593e-20 2.10526 0 2018-01-29 00:12:23 88
1517155944.088675509 1.07664e-38 2.49593e-20 2 0 2018-01-29 00:12:24 88
1517155945.088632663 1.07664e-38 2.49593e-20 2 0 2018-01-29 00:12:25 88
1517155946.088587576 1.07664e-38 2.49593e-20 1.89474 0 2018-01-29 00:12:26 88
1517155947.088558688 1.07664e-38 2.49593e-20 1.89474 0 2018-01-29 00:12:27 88
1517155948.088666627 1.07664e-38 2.49593e-20 2 0 2018-01-29 00:12:28 88
1517155949.088507631 1.07664e-38 2.49593e-20 2 0 2018-01-29 00:12:29 88
1517155950.088595830 1.07664e-38 2.49593e-20 2.31579 0 2018-01-29 00:12:30 88
1517155951.088562723 1.07664e-38 2.49593e-20 2.31579 0 2018-01-29 00:12:31 88
1517155952.088582482 1.07664e-38 2.49593e-20 2 0 2018-01-29 00:12:32 88
1517155953.088583543 1.07664e-38 2.49593e-20 2 0 2018-01-29 00:12:33 88
1517155954.088715596 1.07664e-38 2.49593e-20 1.57895 0 2018-01-29 00:12:34 88
1517155955.088876609 1.07664e-38 2.49593e-20 1.57895 0 2018-01-29 00:12:35 88
1517155956.088891160 1.07664e-38 2.49593e-20 2 0 2018-01-29 00:12:36 88
1517155957.088739612 1.07664e-38 2.49593e-20 2 0 2018-01-29 00:12:37 88
1517155958.088591607 1.07664e-38 2.49593e-20 2.21053 0 2018-01-29 00:12:38 88
1517155959.088589386 1.07664e-38 2.49593e-20 2.21053 0 2018-01-29 00:12:39 88
1517155960.088627479 1.07664e-38 2.49593e-20 2.94737 0 2018-01-29 00:12:40 88
1517155961.088574945 1.07664e-38 2.49593e-20 2.94737 0 2018-01-29 00:12:41 88
1517155962.088601423 1.07664e-38 2.49593e-20 2.31579 0 2018-01-29 00:12:42 88
1517155963.088573576 1.07664e-38 2.49593e-20 2.31579 0 2018-01-29 00:12:43 88
1517155964.088721464 1.07664e-38 2.49593e-20 1.15789 0 2018-01-29 00:12:44 88
1517155965.088679138 1.07664e-38 2.49593e-20 1.15789 0 2018-01-29 00:12:45 88
1517155966.088592332 1.07664e-38 2.49593e-20 1.78947 0 2018-01-29 00:12:46 88
1517155967.088621935 1.07664e-38 2.49593e-20 1.78947 0 2018-01-29 00:12:47 88
1517155968.089023214 1.07664e-38 2.49593e-20 2.21053 0 2018-01-29 00:12:48 88
1517155969.088592754 1.07664e-38 2.49593e-20 2.21053 0 2018-01-29 00:12:49 88
1517155970.088661785 1.07664e-38 2.49593e-20 2.31579 0 2018-01-29 00:12:50 88
1517155971.088587062 1.07664e-38 2.49593e-20 2.31579 0 2018-01-29 00:12:51 88
1517155972.089211941 1.07664e-38 2.49593e-20 2.63158 0 2018-01-29 00:12:52 88
1517155973.089139666 1.07664e-38 2.49593e-20 2.63158 0 2018-01-29 00:12:53 88
1517155974.088907805 1.07664e-38 2.49593e-20 2.52632 0 2018-01-29 00:12:54 88
1517155975.088995326 1.07664e-38 2.49593e-20 2.52632 0 2018-01-29 00:12:55 88
1517155976.088937896 1.07664e-38 2.49593e-20 1.68421 0 2018-01-29 00:12:56 88
1517155977.089645068 1.07664e-38 2.49593e-20 1.68421 0 2018-01-29 00:12:57 89
1517155978.089054499 1.07664e-38 2.49593e-20 1.89474 0 2018-01-29 00:12:58 88
1517155979.088769719 1.07664e-38 2.49593e-20 1.89474 0 2018-01-29 00:12:59 88
1517155980.088732446 1.07664e-38 2.49593e-20 1.57895 0 2018-01-29 00:13:00 88
1517155981.088881062 1.07664e-38 2.49593e-20 1.57895 0 2018-01-29 00:13:01 88
1517155982.088596074 1.07664e-38 2.49593e-20 1.89474 0 2018-01-29 00:13:02 88
1517155983.088578645 1.07664e-38 2.49593e-20 1.89474 0 2018-01-29 00:13:03 88
1517155984.088674239 1.07664e-38 2.49593e-20 1.36842 0 2018-01-29 00:13:04 88
1517155985.088717592 1.07664e-38 2.49593e-20 1.36842 0 2018-01-29 00:13:05 88
1517155986.088665319 1.07664e-38 2.49593e-20 1.05263 0 2018-01-29 00:13:06 88
1517155987.088633983 1.07664e-38 2.49593e-20 1.05263 0 2018-01-29 00:13:07 88
1517155988.088602595 1.07664e-38 2.49593e-20 1.36842 0 2018-01-29 00:13:08 88
1517155989.088598030 1.07664e-38 2.49593e-20 1.36842 0 2018-01-29 00:13:09 88
1517155990.088633675 1.07664e-38 2.49593e-20 1.57895 0 2018-01-29 00:13:10 88
1517155991.088871252 1.07664e-38 2.49593e-20 1.57895 0 2018-01-29 00:13:11 88
1517155992.088732466 1.07664e-38 2.49593e-20 2.10526 0 2018-01-29 00:13:12 88
1517155993.088581127 1.07664e-38 2.49593e-20 2.10526 0 2018-01-29 00:13:13 88
1517155994.088606407 1.07664e-38 2.49593e-20 1.36842 0 2018-01-29 00:13:14 88
1517155995.088573769 1.07664e-38 2.49593e-20 1.36842 0 2018-01-29 00:13:15 88
1517155996.088629987 1.07664e-38 2.49593e-20 1.47368 0 2018-01-29 00:13:16 88
1517155997.088946681 1.07664e-38 2.49593e-20 1.47368 0 2018-01-29 00:13:17 88
1517155998.088677683 1.07664e-38 2.49593e-20 1.78947 0 2018-01-29 00:13:18 88
1517155999.088546969 1.07664e-38 2.49593e-20 1.78947 0 2018-01-29 00:13:19 88
1517156000.088609958 1.07664e-38 2.49593e-20 1.78947 0 2018-01-29 00:13:20 88
1517156001.088573622 1.07664e-38 2.49593e-20 1.78947 0 2018-01-29 00:13:21 88
1517156002.088807710 1.07664e-38 2.49593e-20 1.26316 0 2018-01-29 00:13:22 88
1517156003.088582619 1.07664e-38 2.49593e-20 1.26316 0 2018-01-29 00:13:23 88
1517156004.088643681 1.07664e-38 2.49593e-20 1.36842 0 2018-01-29 00:13:24 88
1517156005.088566146 1.07664e-38 2.49593e-20 1.36842 0 2018-01-29 00:13:25 88
1517156006.088608718 1.07664e-38 2.49593e-20 1.15789 0 2018-01-29 00:13:26 88
1517156007.088614831 1.07664e-38 2.49593e-20 1.15789 0 2018-01-29 00:13:27 88
1517156008.088681363 1.07664e-38 2.49593e-20 2.10526 0 2018-01-29 00:13:28 88
1517156009.088536274 1.07664e-38 2.49593e-20 2.10526 0 2018-01-29 00:13:29 88
1517156010.088533063 1.07664e-38 2.49593e-20 1.68421 0 2018-01-29 00:13:30 88
1517156011.088568656 1.07664e-38 2.49593e-20 1.68421 0 2018-01-29 00:13:31 88
1517156012.088695137 0.0887061 0.00111038 1.57895 0 2018-01-29 00:13:32 88
1517156013.088639113 0.206293 0.00194924 1.57895 0 2018-01-29 00:13:33 88
1517156014.088654757 0.373609 0.00137566 1.26316 0 2018-01-29 00:13:34 88
1517156015.088529565 0.515695 6.64052e-05 1.26316 0 2018-01-29 00:13:35 88
1517156016.088640524 0.67244 -0.00308266 0.842105 0 2018-01-29 00:13:36 88
1517156017.088568250 0.740917 0.000129544 0.842105 0 2018-01-29 00:13:37 88
1517156018.088731033 0.753376 0.0312305 0.421053 0 2018-01-29 00:13:38 88
1517156019.088861420 0.939648 0.0569482 0.421053 0 2018-01-29 00:13:39 88
1517156020.088912274 1.12626 0.0810262 0.210526 0 2018-01-29 00:13:40 88
1517156021.088689162 1.31743 0.1058 0.210526 0 2018-01-29 00:13:41 88
1517156022.088731682 1.50843 0.127271 0.210526 0 2018-01-29 00:13:42 88
1517156023.088764463 1.63542 0.148422 0.210526 0 2018-01-29 00:13:43 88
1517156024.088872922 1.82872 0.162755 0.105263 0 2018-01-29 00:13:44 88
1517156025.088525536 2.00537 0.160819 0.105263 0 2018-01-29 00:13:45 88
1517156026.089290522 2.18225 0.0795367 0.105263 0 2018-01-29 00:13:46 88
1517156027.088810113 2.2555 -0.0631378 0.105263 0 2018-01-29 00:13:47 88
1517156028.089003314 2.28114 -0.246581 0.105263 0 2018-01-29 00:13:48 88
1517156029.089023125 2.19517 -0.410166 0.105263 0 2018-01-29 00:13:49 88
1517156030.089354402 2.0439 -0.500593 0 0 2018-01-29 00:13:50 88
1517156031.088854096 1.86136 -0.521629 0 0 2018-01-29 00:13:51 88
1517156032.089067298 1.69337 -0.433146 0.105263 0 2018-01-29 00:13:52 88
1517156033.088507980 1.60331 -0.312434 0.105263 0 2018-01-29 00:13:53 88
1517156034.090324659 1.47249 -0.182716 0.105263 0 2018-01-29 00:13:54 88
1517156035.089346060 1.33895 -0.141526 0.105263 0 2018-01-29 00:13:55 88
1517156036.088606216 1.16472 -0.0967701 0.105263 0 2018-01-29 00:13:56 88
1517156037.088560453 0.976592 -0.0502495 0.105263 0 2018-01-29 00:13:57 88
1517156038.088571358 0.788726 -0.00161589 0 0 2018-01-29 00:13:58 88
1517156039.088650129 0.608284 0.0264982 0 0 2018-01-29 00:13:59 88
1517156040.088816246 0.451501 0.0663757 0.105263 0 2018-01-29 00:14:00 88
1517156041.088561258 0.295664 0.0811725 0.105263 0 2018-01-29 00:14:01 88
1517156042.088715917 0.108635 0.0910523 0.210526 0 2018-01-29 00:14:02 88
1517156043.088575620 -0.027474 0.00519466 0.210526 0 2018-01-29 00:14:03 88
1517156044.088589545 -0.160915 -0.0857793 0.421053 0 2018-01-29 00:14:04 88
1517156045.088569303 -0.296235 -0.179892 0.421053 0 2018-01-29 00:14:05 88
1517156046.088871413 -0.450299 -0.285493 0.421053 0 2018-01-29 00:14:06 88
1517156047.088576477 -0.576719 -0.422453 0.421053 0 2018-01-29 00:14:07 88
1517156048.088686030 -0.721028 -0.523098 0.526316 0 2018-01-29 00:14:08 88
1517156049.088613912 -0.881563 -0.631158 0.526316 0 2018-01-29 00:14:09 88
1517156050.089092849 -0.991294 -0.711396 0.421053 0 2018-01-29 00:14:10 88
1517156051.089617256 -1.11135 -0.809348 0.421053 0 2018-01-29 00:14:11 89
1517156052.088676002 -1.27278 -0.87271 0.631579 0 2018-01-29 00:14:12 88
1517156053.088564820 -1.449 -0.907722 0.631579 0 2018-01-29 00:14:13 88
1517156054.088630049 -1.63702 -0.940322 0.631579 0 2018-01-29 00:14:14 88
1517156055.088800697 -1.82643 -0.967568 0.631579 0 2018-01-29 00:14:15 88
1517156056.088590711 -1.98549 -0.951606 0.421053 0 2018-01-29 00:14:16 88
1517156057.088568073 -2.1736 -0.958556 0.421053 0 2018-01-29 00:14:17 88
1517156058.089068574 -2.36549 -0.965052 0.210526 0 2018-01-29 00:14:18 88
1517156059.088628790 -2.59613 -0.965085 0.210526 0 2018-01-29 00:14:19 88
1517156060.088591100 -2.75852 -0.898607 0.315789 0 2018-01-29 00:14:20 88
1517156061.088579243 -2.93057 -0.81251 0.315789 0 2018-01-29 00:14:21 88
1517156062.088856040 -3.10173 -0.720341 0.421053 0 2018-01-29 00:14:22 88
1517156063.088558187 -3.2435 -0.623058 0.421053 0 2018-01-29 00:14:23 88
1517156064.088605291 -3.40357 -0.520703 0.842105 0 2018-01-29 00:14:24 88
1517156065.088604737 -3.55802 -0.414756 0.842105 0 2018-01-29 00:14:25 88
1517156066.088746895 -3.67504 -0.285547 1.57895 0 2018-01-29 00:14:26 88
1517156067.088608108 -3.69205 -0.174133 1.57895 0 2018-01-29 00:14:27 88
1517156068.088595262 -3.7563 0.00747043 3.05263 0 2018-01-29 00:14:28 88
1517156069.088708045 -3.81638 0.195622 3.05263 0 2018-01-29 00:14:29 88
1517156070.089216670 -3.8682 0.370994 4.21053 0 2018-01-29 00:14:30 88
1517156071.088543391 -3.96111 0.508118 4.21053 0 2018-01-29 00:14:31 88
1517156072.088555754 -4.01792 0.687545 4.21053 0 2018-01-29 00:14:32 88
1517156073.088556607 -4.07679 0.871921 4.21053 0 2018-01-29 00:14:33 88
1517156074.088573136 -4.13664 1.05619 3.78947 0 2018-01-29 00:14:34 88
1517156075.088892174 -4.17237 1.17574 3.78947 0 2018-01-29 00:14:35 88
1517156076.088618436 -4.18051 1.23937 3.78947 0 2018-01-29 00:14:36 88
1517156077.088569131 -4.18334 1.36095 3.78947 0 2018-01-29 00:14:37 88
1517156078.088602067 -4.18348 1.55702 3.26316 0 2018-01-29 00:14:38 88
1517156079.088704172 -4.18117 1.74904 3.26316 0 2018-01-29 00:14:39 88
1517156080.088799871 -4.17624 1.94142 2.94737 0 2018-01-29 00:14:40 88
1517156081.088864631 -4.15812 2.12775 2.94737 0 2018-01-29 00:14:41 88
1517156082.088601310 -4.13483 2.31775 2.10526 0 2018-01-29 00:14:42 88
1517156083.088534036 -4.16101 2.4632 2.10526 0 2018-01-29 00:14:43 88
1517156084.088645047 -4.19794 2.6146 1.57895 0 2018-01-29 00:14:44 88
1517156085.088568450 -4.24533 2.80345 1.57895 0 2018-01-29 00:14:45 88
1517156086.088680920 -4.27516 2.95532 0.736842 0 2018-01-29 00:14:46 88
1517156087.088574634 -4.27083 3.06506 0.736842 0 2018-01-29 00:14:47 88
1517156088.088596372 -4.29474 3.24559 0.315789 0 2018-01-29 00:14:48 88
1517156089.088560661 -4.27361 3.43988 0.315789 0 2018-01-29 00:14:49 88
1517156090.088574483 -4.25078 3.63105 0.210526 0 2018-01-29 00:14:50 88
1517156091.088597367 -4.22563 3.81687 0.210526 0 2018-01-29 00:14:51 88
1517156092.088602230 -4.25208 3.83064 0.315789 0 2018-01-29 00:14:52 88
1517156093.088575060 -4.25209 3.83066 0.315789 0 2018-01-29 00:14:53 88
1517156094.088604299 -4.2521 3.83065 0.315789 0 2018-01-29 00:14:54 88
1517156095.088602912 -4.2521 3.83065 0.315789 0 2018-01-29 00:14:55 88
1517156096.088733455 -4.2521 3.83065 0.421053 0 2018-01-29 00:14:56 88
1517156097.088966396 -4.2521 3.83065 0.421053 0 2018-01-29 00:14:57 88
1517156098.088672554 -4.2521 3.83065 0.105263 0 2018-01-29 00:14:58 88
1517156099.088989404 -4.2521 3.83065 0.105263 0 2018-01-29 00:14:59 88
1517156100.088729312 -4.2521 3.83065 0.105263 0 2018-01-29 00:15:00 88
1517156101.088532555 -4.2521 3.83065 0.105263 0 2018-01-29 00:15:01 88
1517156102.088755236 -4.2521 3.83065 0.105263 0 2018-01-29 00:15:02 88
1517156103.088605356 -4.2521 3.83065 0.105263 0 2018-01-29 00:15:03 88
1517156104.088589853 -4.2521 3.83065 0.105263 0 2018-01-29 00:15:04 88
1517156105.088573049 -4.2521 3.83065 0.105263 0 2018-01-29 00:15:05 88
1517156106.088709009 -4.2521 3.83065 0.105263 0 2018-01-29 00:15:06 88
1517156107.088770436 -4.2514 3.83539 0.105263 0 2018-01-29 00:15:07 88
1517156108.088883531 -4.22483 4.00834 0.105263 0 2018-01-29 00:15:08 88
1517156109.089021470 -4.19278 4.19698 0.105263 0 2018-01-29 00:15:09 88
1517156110.088790494 -4.15053 4.36919 0.105263 0 2018-01-29 00:15:10 88
1517156111.088556757 -4.03502 4.52398 0.105263 0 2018-01-29 00:15:11 88
1517156112.089092623 -3.87188 4.58368 0.315789 0 2018-01-29 00:15:12 88
1517156113.088915398 -3.73614 4.54025 0.315789 0 2018-01-29 00:15:13 88
1517156114.088910937 -3.62471 4.5143 0.421053 0 2018-01-29 00:15:14 88
1517156115.088688086 -3.45965 4.48712 0.421053 0 2018-01-29 00:15:15 88
1517156116.088527684 -3.26863 4.46131 0.421053 0 2018-01-29 00:15:16 88
1517156117.088898859 -3.08541 4.47018 0.421053 0 2018-01-29 00:15:17 88
1517156118.088965338 -2.89401 4.44972 0.210526 0 2018-01-29 00:15:18 88
1517156119.088864625 -2.70818 4.43016 0.210526 0 2018-01-29 00:15:19 88
1517156120.088547865 -2.53333 4.39205 0 0 2018-01-29 00:15:20 88
1517156121.088763671 -2.43263 4.29019 0 0 2018-01-29 00:15:21 88
1517156122.088739106 -2.3379 4.14928 0 0 2018-01-29 00:15:22 88
1517156123.088976110 -2.23678 3.98988 0 0 2018-01-29 00:15:23 88
1517156124.088723467 -2.1294 3.82199 0.105263 0 2018-01-29 00:15:24 88
1517156125.088582128 -2.0115 3.67748 0.105263 0 2018-01-29 00:15:25 88
1517156126.088640013 -1.85737 3.58514 0.210526 0 2018-01-29 00:15:26 88
1517156127.088622479 -1.68902 3.50775 0.210526 0 2018-01-29 00:15:27 88
1517156128.088609581 -1.50644 3.48286 0.315789 0 2018-01-29 00:15:28 88
1517156129.088615903 -1.32398 3.41582 0.315789 0 2018-01-29 00:15:29 88
1517156130.088683840 -1.14901 3.34991 0.421053 0 2018-01-29 00:15:30 88
1517156131.088958658 -0.967649 3.28133 0.421053 0 2018-01-29 00:15:31 88
1517156132.088608355 -0.842453 3.24402 0.315789 0 2018-01-29 00:15:32 88
1517156133.088707387 -0.65146 3.25593 0.315789 0 2018-01-29 00:15:33 88
1517156134.089225388 -0.498878 3.32022 0.210526 0 2018-01-29 00:15:34 88
1517156135.088635965 -0.296169 3.36246 0.210526 0 2018-01-29 00:15:35 88
1517156136.088642703 -0.128114 3.45483 0.105263 0 2018-01-29 00:15:36 88
1517156137.088612097 0.0406938 3.548 0.105263 0 2018-01-29 00:15:37 88
1517156138.088649460 0.132861 3.74493 0.105263 0 2018-01-29 00:15:38 88
1517156139.088596822 0.251247 3.8899 0.105263 0 2018-01-29 00:15:39 88
1517156140.089200971 0.291467 4.07124 0.210526 0 2018-01-29 00:15:40 88
1517156141.088566026 0.211283 4.25108 0.210526 0 2018-01-29 00:15:41 88
1517156142.088614640 0.143643 4.26799 0.210526 0 2018-01-29 00:15:42 88
1517156143.088679608 -0.00850042 4.32979 0.210526 0 2018-01-29 00:15:43 88
1517156144.090321856 -0.185508 4.39287 0.210526 0 2018-01-29 00:15:44 88
1517156145.088526934 -0.358413 4.42429 0.210526 0 2018-01-29 00:15:45 88
1517156146.088588621 -0.539711 4.46366 0.210526 0 2018-01-29 00:15:46 88
1517156147.088514472 -0.704643 4.46211 0.210526 0 2018-01-29 00:15:47 88
1517156148.088695797 -0.899129 4.45641 0.105263 0 2018-01-29 00:15:48 88
1517156149.088875769 -1.06143 4.40285 0.105263 0 2018-01-29 00:15:49 88
1517156150.089001208 -1.25517 4.39316 0.105263 0 2018-01-29 00:15:50 88
1517156151.088871640 -1.44706 4.38638 0.105263 0 2018-01-29 00:15:51 88
1517156152.088671915 -1.62945 4.36911 0 0 2018-01-29 00:15:52 88
1517156153.088575056 -1.81774 4.36655 0 0 2018-01-29 00:15:53 88
1517156154.088659557 -2.00946 4.36351 0 0 2018-01-29 00:15:54 88
1517156155.088704785 -2.20206 4.3603 0 0 2018-01-29 00:15:55 88
1517156156.088649542 -2.3768 4.32807 0 0 2018-01-29 00:15:56 88
1517156157.088556746 -2.57063 4.32465 0 0 2018-01-29 00:15:57 88
1517156158.088605829 -2.75494 4.32593 0 0 2018-01-29 00:15:58 88
1517156159.088718716 -2.92752 4.3809 0 0 2018-01-29 00:15:59 88
1517156160.088943584 -3.03827 4.44678 0 0 2018-01-29 00:16:00 88
1517156161.088706878 -3.19812 4.52361 0 0 2018-01-29 00:16:01 88
1517156162.088790702 -3.37357 4.60591 0 0 2018-01-29 00:16:02 88
1517156163.088588736 -3.49199 4.65093 0 0 2018-01-29 00:16:03 88
1517156164.088605475 -3.69113 4.60682 0.315789 0 2018-01-29 00:16:04 88
1517156165.089527652 -3.85773 4.52201 0.315789 0 2018-01-29 00:16:05 88
1517156166.088595721 -3.94911 4.35383 0.315789 0 2018-01-29 00:16:06 88
1517156167.088562718 -3.97362 4.16854 0.315789 0 2018-01-29 00:16:07 88
1517156168.088669094 -3.89441 3.98744 0.315789 0 2018-01-29 00:16:08 88
1517156169.088685572 -3.8994 3.79467 0.315789 0 2018-01-29 00:16:09 88
1517156170.088663090 -3.9559 3.66733 0 0 2018-01-29 00:16:10 88
1517156171.088555815 -4.02909 3.48703 0 0 2018-01-29 00:16:11 88
1517156172.088543594 -4.10616 3.30933 0.210526 0 2018-01-29 00:16:12 88
1517156173.088772890 -4.12658 3.22278 0.210526 0 2018-01-29 00:16:13 88
1517156174.088647437 -4.17325 3.05715 0.421053 0 2018-01-29 00:16:14 88
1517156175.088746885 -4.2249 2.87162 0.421053 0 2018-01-29 00:16:15 88
1517156176.088798260 -4.2634 2.70683 0.736842 0 2018-01-29 00:16:16 88
1517156177.088581503 -4.27651 2.5688 0.736842 0 2018-01-29 00:16:17 88
1517156178.088654336 -4.26473 2.38241 0.421053 0 2018-01-29 00:16:18 88
1517156179.088587895 -4.28255 2.19449 0.421053 0 2018-01-29 00:16:19 88
1517156180.088639686 -4.29699 2.00168 0.315789 0 2018-01-29 00:16:20 88
1517156181.088709499 -4.3102 1.81452 0.315789 0 2018-01-29 00:16:21 88
1517156182.088560399 -4.30016 1.70334 0.315789 0 2018-01-29 00:16:22 88
1517156183.088583804 -4.29428 1.55356 0.315789 0 2018-01-29 00:16:23 88
1517156184.088765182 -4.28095 1.35959 0.631579 0 2018-01-29 00:16:24 88
1517156185.088700408 -4.26893 1.16786 0.631579 0 2018-01-29 00:16:25 88
1517156186.088629800 -4.18887 1.00111 1.68421 0 2018-01-29 00:16:26 88
1517156187.088616225 -4.09556 0.833758 1.68421 0 2018-01-29 00:16:27 88
1517156188.088776092 -3.93902 0.725495 1.89474 0 2018-01-29 00:16:28 88
1517156189.088513083 -3.76011 0.751668 1.89474 0 2018-01-29 00:16:29 88
1517156190.088705295 -3.58271 0.830076 2 0 2018-01-29 00:16:30 88
1517156191.088501819 -3.49753 0.960981 2 0 2018-01-29 00:16:31 88
1517156192.088657675 -3.39745 1.1036 2.10526 0 2018-01-29 00:16:32 88
1517156193.088569776 -3.22642 1.18003 2.10526 0 2018-01-29 00:16:33 88
1517156194.088611410 -3.03307 1.15044 3.47368 0 2018-01-29 00:16:34 88
1517156195.088561793 -2.84835 1.15382 3.47368 0 2018-01-29 00:16:35 88
1517156196.089025730 -2.69011 1.20037 4 0 2018-01-29 00:16:36 88
1517156197.088647041 -2.47314 1.30601 4 0 2018-01-29 00:16:37 88
1517156198.088612111 -2.29329 1.37242 4.10526 0 2018-01-29 00:16:38 88
1517156199.088699216 -2.13785 1.42597 4.10526 0 2018-01-29 00:16:39 88
1517156200.088610222 -2.01476 1.45483 2.84211 0 2018-01-29 00:16:40 88
1517156201.088579928 -1.90549 1.4933 2.84211 0 2018-01-29 00:16:41 88
1517156202.088594739 -1.7515 1.49812 1.36842 0 2018-01-29 00:16:42 88
1517156203.088570643 -1.5555 1.49708 1.36842 0 2018-01-29 00:16:43 88
1517156204.088617799 -1.36708 1.49323 0.736842 0 2018-01-29 00:16:44 88
1517156205.088666985 -1.17431 1.49024 0.736842 0 2018-01-29 00:16:45 88
1517156206.088531220 -0.984868 1.47234 0.315789 0 2018-01-29 00:16:46 88
1517156207.088575198 -0.799921 1.45092 0.315789 0 2018-01-29 00:16:47 88
1517156208.088602093 -0.609878 1.42738 0.105263 0 2018-01-29 00:16:48 88
1517156209.088561642 -0.439213 1.42133 0.105263 0 2018-01-29 00:16:49 88
1517156210.088581714 -0.246838 1.39333 0.105263 0 2018-01-29 00:16:50 88
1517156211.088571212 -0.0556217 1.36553 0.105263 0 2018-01-29 00:16:51 88
1517156212.088623055 0.129148 1.35943 0.210526 0 2018-01-29 00:16:52 88
1517156213.088532343 0.319897 1.32649 0.210526 0 2018-01-29 00:16:53 88
1517156214.088653146 0.507044 1.29255 0.421053 0 2018-01-29 00:16:54 88
1517156215.088712646 0.668749 1.25044 0.421053 0 2018-01-29 00:16:55 88
1517156216.088737822 0.785578 1.15165 0.210526 0 2018-01-29 00:16:56 88
1517156217.088627161 0.801887 1.12663 0.210526 0 2018-01-29 00:16:57 88
1517156218.088585877 0.860764 1.00304 0.105263 0 2018-01-29 00:16:58 88
1517156219.088568760 0.922807 0.818472 0.105263 0 2018-01-29 00:16:59 88
1517156220.088588727 0.978805 0.639861 0.210526 0 2018-01-29 00:17:00 88
1517156221.088692082 1.06982 0.491605 0.210526 0 2018-01-29 00:17:01 88
1517156222.088852262 1.14002 0.333314 0.210526 0 2018-01-29 00:17:02 88
1517156223.088567794 1.18167 0.188639 0.210526 0 2018-01-29 00:17:03 88
1517156224.088833705 1.08361 0.0365695 0.315789 0 2018-01-29 00:17:04 88
1517156225.088959665 0.914388 -0.0533554 0.315789 0 2018-01-29 00:17:05 88
1517156226.088517746 0.77964 -0.0597222 0.526316 0 2018-01-29 00:17:06 88
1517156227.088904129 0.584336 -0.0541853 0.526316 0 2018-01-29 00:17:07 88
1517156228.088950034 0.390156 -0.0439974 0.421053 0 2018-01-29 00:17:08 88
1517156229.088912500 0.19926 -0.0295532 0.421053 0 2018-01-29 00:17:09 88
1517156230.089013668 0.0455381 -0.062107 0.526316 0 2018-01-29 00:17:10 88
1517156231.088973373 -0.137485 -0.123047 0.526316 0 2018-01-29 00:17:11 88
1517156232.089425070 -0.271906 -0.258483 0.631579 0 2018-01-29 00:17:12 88
1517156233.088913566 -0.286656 -0.481101 0.631579 0 2018-01-29 00:17:13 88
1517156234.089157758 -0.283773 -0.629995 0.421053 0 2018-01-29 00:17:14 88
1517156235.088957928 -0.370368 -0.803752 0.421053 0 2018-01-29 00:17:15 88
1517156236.089056752 -0.526238 -0.915733 0.210526 0 2018-01-29 00:17:16 88
1517156237.089573190 -0.708323 -0.876161 0.210526 0 2018-01-29 00:17:17 89
1517156238.089131167 -0.919174 -0.765778 0.421053 0 2018-01-29 00:17:18 88
1517156239.088788365 -1.01237 -0.623851 0.421053 0 2018-01-29 00:17:19 88
1517156240.088564420 -1.03282 -0.48193 0.421053 0 2018-01-29 00:17:20 88
1517156241.088566626 -0.993271 -0.340948 0.421053 0 2018-01-29 00:17:21 88
1517156242.088650241 -0.992191 -0.335814 0.736842 0 2018-01-29 00:17:22 88
1517156243.088629635 -0.992248 -0.335842 0.736842 0 2018-01-29 00:17:23 88
1517156244.088684655 -0.992265 -0.335853 0.736842 0 2018-01-29 00:17:24 88
1517156245.088568421 -0.992271 -0.335861 0.736842 0 2018-01-29 00:17:25 88
1517156246.088598701 -0.992272 -0.335858 0.736842 0 2018-01-29 00:17:26 88
1517156247.088613304 -0.992272 -0.335859 0.736842 0 2018-01-29 00:17:27 88
1517156248.088850933 -0.992273 -0.33586 0.315789 0 2018-01-29 00:17:28 88
1517156249.088651885 -0.992272 -0.335859 0.315789 0 2018-01-29 00:17:29 88
1517156250.088587736 -0.992273 -0.335859 0.421053 0 2018-01-29 00:17:30 88
1517156251.088578744 -0.992273 -0.335859 0.421053 0 2018-01-29 00:17:31 88
1517156252.088587305 -0.992273 -0.335859 0.421053 0 2018-01-29 00:17:32 88
1517156253.088587688 -0.992272 -0.335859 0.421053 0 2018-01-29 00:17:33 88
1517156254.088789692 -0.992273 -0.335859 0.736842 0 2018-01-29 00:17:34 88
1517156255.088816639 -0.992273 -0.335859 0.736842 0 2018-01-29 00:17:35 88
1517156256.088635559 -0.992273 -0.335859 0.631579 0 2018-01-29 00:17:36 88
1517156257.088577608 -0.992273 -0.335859 0.631579 0 2018-01-29 00:17:37 88
1517156258.088611847 -0.992273 -0.335859 0.842105 0 2018-01-29 00:17:38 88
1517156259.088580823 -0.992273 -0.335859 0.842105 0 2018-01-29 00:17:39 88
1517156260.088643917 -0.992273 -0.335859 0.842105 0 2018-01-29 00:17:40 88
1517156261.088565653 -0.992273 -0.335859 0.842105 0 2018-01-29 00:17:41 88
1517156262.088779167 -0.992273 -0.335859 0.736842 0 2018-01-29 00:17:42 88
1517156263.088569753 -0.992273 -0.335859 0.736842 0 2018-01-29 00:17:43 88
1517156264.088662639 -0.992273 -0.335859 0.842105 0 2018-01-29 00:17:44 88
1517156265.088663440 -0.992273 -0.335859 0.842105 0 2018-01-29 00:17:45 88
1517156266.088604395 -0.992273 -0.335859 0.736842 0 2018-01-29 00:17:46 88
1517156267.088749313 -0.974623 -0.245811 0.736842 0 2018-01-29 00:17:47 88
1517156268.088729071 -0.963163 -0.190906 1.36842 0 2018-01-29 00:17:48 88
1517156269.088602160 -0.950876 -0.134103 1.36842 0 2018-01-29 00:17:49 88
1517156270.088618846 -0.950326 -0.131672 1.26316 0 2018-01-29 00:17:50 88
1517156271.088581156 -0.950278 -0.131449 1.26316 0 2018-01-29 00:17:51 88
1517156272.088513100 -0.918775 0.0037925 1.47368 0 2018-01-29 00:17:52 88
1517156273.088631872 -0.916908 0.0115972 1.47368 0 2018-01-29 00:17:53 88
1517156274.088567619 -0.916911 0.0115934 2.84211 0 2018-01-29 00:17:54 88
1517156275.088586388 -0.913476 0.0259382 2.84211 0 2018-01-29 00:17:55 88
1517156276.088644898 -0.882496 0.152072 5.68421 0 2018-01-29 00:17:56 88
1517156277.088593458 -0.929941 0.152282 5.68421 0 2018-01-29 00:17:57 88
1517156278.088663791 -0.92994 0.152289 49.2105 0 2018-01-29 00:17:58 88
1517156279.089005069 -0.92994 0.152289 49.2105 0 2018-01-29 00:17:59 88
1517156280.088649297 -0.929941 0.152286 45.7895 0 2018-01-29 00:18:00 88
1517156281.088586242 -0.92994 0.152287 45.7895 0 2018-01-29 00:18:01 88
1517156282.088605272 -0.929855 0.152662 46.3158 0 2018-01-29 00:18:02 88
1517156283.088622531 -0.89814 0.287062 46.3158 0 2018-01-29 00:18:03 88
1517156284.088657343 -0.896284 0.294639 49.6842 0 2018-01-29 00:18:04 88
1517156285.089073101 -0.896286 0.294634 49.6842 0 2018-01-29 00:18:05 88
1517156286.088910616 -0.896286 0.294636 53.6842 0 2018-01-29 00:18:06 88
1517156287.088575835 -0.883455 0.347416 53.6842 0 2018-01-29 00:18:07 88
1517156288.088666533 -0.847632 0.489088 57.7895 0 2018-01-29 00:18:08 88
1517156289.088573581 -0.847694 0.488857 57.7895 0 2018-01-29 00:18:09 88
1517156290.088608653 -0.847695 0.488854 57.6842 0 2018-01-29 00:18:10 88
1517156291.088578880 -0.847696 0.488854 57.6842 0 2018-01-29 00:18:11 88
1517156292.088607389 -0.847696 0.488853 56.7368 0 2018-01-29 00:18:12 88
1517156293.088670639 -0.837157 0.529652 56.7368 0 2018-01-29 00:18:13 88
1517156294.088780817 -0.81017 0.628853 58 0 2018-01-29 00:18:14 88
1517156295.088582967 -0.810177 0.628833 58 0 2018-01-29 00:18:15 88
1517156296.088615174 -0.810171 0.628856 59.4737 0 2018-01-29 00:18:16 88
1517156297.088581338 -0.792116 0.695136 59.4737 0 2018-01-29 00:18:17 88
1517156298.088649067 -0.76139 0.804059 23.1579 0 2018-01-29 00:18:18 88
1517156299.088550438 -0.756331 0.798408 23.1579 0 2018-01-29 00:18:19 88
1517156300.088598114 -0.756334 0.798398 8.94737 0 2018-01-29 00:18:20 88
1517156301.088563132 -0.756329 0.798416 8.94737 0 2018-01-29 00:18:21 88
1517156302.088590860 -0.728815 0.883829 6.10526 0 2018-01-29 00:18:22 88
1517156303.088533326 -0.706918 0.948644 6.10526 0 2018-01-29 00:18:23 88
1517156304.088607513 -0.706925 0.948634 1.89474 0 2018-01-29 00:18:24 88
1517156305.088657950 -0.706926 0.948633 1.89474 0 2018-01-29 00:18:25 88
1517156306.088695575 -0.706836 0.948899 1.89474 0 2018-01-29 00:18:26 88
1517156307.088606633 -0.670961 1.05257 1.89474 0 2018-01-29 00:18:27 88
1517156308.088648632 -0.644371 1.15441 1.89474 0 2018-01-29 00:18:28 88
1517156309.088530992 -0.641276 1.23936 1.89474 0 2018-01-29 00:18:29 88
1517156310.088638931 -0.636018 1.15807 1.68421 0 2018-01-29 00:18:30 88
1517156311.088608740 -0.64132 1.16335 1.68421 0 2018-01-29 00:18:31 88
1517156312.088577925 -0.734134 1.32745 0.736842 0 2018-01-29 00:18:32 88
1517156313.088677061 -0.90076 1.41815 0.736842 0 2018-01-29 00:18:33 88
1517156314.088709946 -1.09337 1.40726 0.210526 0 2018-01-29 00:18:34 88
1517156315.088586629 -1.13358 1.39566 0.210526 0 2018-01-29 00:18:35 88
1517156316.088780298 -1.26923 1.32253 0.315789 0 2018-01-29 00:18:36 88
1517156317.088586146 -1.26802 1.2974 0.315789 0 2018-01-29 00:18:37 88
1517156318.088588821 -1.36283 1.16364 0.421053 0 2018-01-29 00:18:38 88
1517156319.088782960 -1.37581 1.12896 0.421053 0 2018-01-29 00:18:39 88
1517156320.088603547 -1.36156 1.05682 0.315789 0 2018-01-29 00:18:40 88
1517156321.088564659 -1.37777 0.916551 0.315789 0 2018-01-29 00:18:41 88
1517156322.088588949 -1.37798 0.914736 0.631579 0 2018-01-29 00:18:42 88
1517156323.088740795 -1.37799 0.91473 0.631579 0 2018-01-29 00:18:43 88
1517156324.088709303 -1.378 0.914735 1.15789 0 2018-01-29 00:18:44 88
1517156325.088657862 -1.378 0.914735 1.15789 0 2018-01-29 00:18:45 88
1517156326.088726633 -1.378 0.914735 1.78947 0 2018-01-29 00:18:46 88
1517156327.088560658 -1.38713 0.837297 1.78947 0 2018-01-29 00:18:47 88
1517156328.088658024 -1.39524 0.773357 2.84211 0 2018-01-29 00:18:48 88
1517156329.088563978 -1.39524 0.773362 2.84211 0 2018-01-29 00:18:49 88
1517156330.088617748 -1.39524 0.773374 8.10526 0 2018-01-29 00:18:50 88
1517156331.088584329 -1.39524 0.773364 8.10526 0 2018-01-29 00:18:51 88
1517156332.088588150 -1.39524 0.773367 13.6842 0 2018-01-29 00:18:52 88
1517156333.088526553 -1.39524 0.773365 13.6842 0 2018-01-29 00:18:53 88
1517156334.088695743 -1.39524 0.773365 17.1579 0 2018-01-29 00:18:54 88
1517156335.088562738 -1.39524 0.773365 17.1579 0 2018-01-29 00:18:55 88
1517156336.088606768 -1.39524 0.773365 17.5789 0 2018-01-29 00:18:56 88
1517156337.088575953 -1.40341 0.710873 17.5789 0 2018-01-29 00:18:57 88
1517156338.088580399 -1.42401 0.568587 18.4211 0 2018-01-29 00:18:58 88
1517156339.088591669 -1.42404 0.568436 18.4211 0 2018-01-29 00:18:59 88
1517156340.088591792 -1.42403 0.568433 21.4737 0 2018-01-29 00:19:00 88
1517156341.088646291 -1.42403 0.568441 21.4737 0 2018-01-29 00:19:01 88
1517156342.088701156 -1.42403 0.568431 24.2105 0 2018-01-29 00:19:02 88
1517156343.088574817 -1.42403 0.568433 24.2105 0 2018-01-29 00:19:03 88
1517156344.088590618 -1.42474 0.563818 24.1053 0 2018-01-29 00:19:04 88
1517156345.088491416 -1.4535 0.390287 24.1053 0 2018-01-29 00:19:05 88
1517156346.088588364 -1.43415 0.378836 25.4737 0 2018-01-29 00:19:06 88
1517156347.088604113 -1.43415 0.378823 25.4737 0 2018-01-29 00:19:07 88
1517156348.088627101 -1.43415 0.378827 25.8947 0 2018-01-29 00:19:08 88
1517156349.088573733 -1.43415 0.378825 25.8947 0 2018-01-29 00:19:09 88
1517156350.088599795 -1.43415 0.378827 25.7895 0 2018-01-29 00:19:10 88
1517156351.088580074 -1.45468 0.276538 25.7895 0 2018-01-29 00:19:11 88
1517156352.088602385 -1.48482 0.133437 24 0 2018-01-29 00:19:12 88
1517156353.088566674 -1.48493 0.132949 24 0 2018-01-29 00:19:13 88
1517156354.088639143 -1.48493 0.13291 25.1579 0 2018-01-29 00:19:14 88
1517156355.088574733 -1.48493 0.13291 25.1579 0 2018-01-29 00:19:15 88
1517156356.088580429 -1.48493 0.132914 24.4211 0 2018-01-29 00:19:16 88
1517156357.088641700 -1.49607 0.0819673 24.4211 0 2018-01-29 00:19:17 88
1517156358.088608437 -1.53193 -0.0753346 22.5263 0 2018-01-29 00:19:18 88
1517156359.088564132 -1.53249 -0.0776674 22.5263 0 2018-01-29 00:19:19 88
1517156360.088604152 -1.53249 -0.077672 18.2105 0 2018-01-29 00:19:20 88
1517156361.088567087 -1.53249 -0.0776679 18.2105 0 2018-01-29 00:19:21 88
1517156362.088594971 -1.53249 -0.0776683 13.8947 0 2018-01-29 00:19:22 88
1517156363.088799839 -1.53249 -0.0776689 13.8947 0 2018-01-29 00:19:23 88
1517156364.088639698 -1.53249 -0.0776679 11.1579 0 2018-01-29 00:19:24 88
1517156365.088561121 -1.53249 -0.0776695 11.1579 0 2018-01-29 00:19:25 88
1517156366.088587338 -1.53249 -0.0776695 10 0 2018-01-29 00:19:26 88
1517156367.088623765 -1.54904 -0.145359 10 0 2018-01-29 00:19:27 88
1517156368.088616023 -1.59186 -0.309937 9.05263 0 2018-01-29 00:19:28 88
1517156369.088650574 -1.59442 -0.316091 9.05263 0 2018-01-29 00:19:29 88
1517156370.088594134 -1.59442 -0.316081 4.84211 0 2018-01-29 00:19:30 88
1517156371.088562798 -1.59442 -0.316103 4.84211 0 2018-01-29 00:19:31 88
1517156372.088685111 -1.59442 -0.316101 2 0 2018-01-29 00:19:32 88
1517156373.088702214 -1.62143 -0.41506 2 0 2018-01-29 00:19:33 88
1517156374.088886977 -1.67267 -0.590776 1.26316 0 2018-01-29 00:19:34 88
1517156375.088574801 -1.67703 -0.605034 1.26316 0 2018-01-29 00:19:35 88
1517156376.088597060 -1.67702 -0.605039 1.26316 0 2018-01-29 00:19:36 88
1517156377.088916202 -1.67702 -0.605028 1.26316 0 2018-01-29 00:19:37 88
1517156378.088638297 -1.69856 -0.675715 0.947368 0 2018-01-29 00:19:38 88
1517156379.088661390 -1.77447 -0.829236 0.947368 0 2018-01-29 00:19:39 88
1517156380.088607032 -1.92172 -0.944487 0.842105 0 2018-01-29 00:19:40 88
1517156381.088561321 -2.06572 -0.948998 0.842105 0 2018-01-29 00:19:41 88
1517156382.088591237 -2.24067 -0.878854 0.736842 0 2018-01-29 00:19:42 88
1517156383.088913608 -2.38717 -0.722678 0.736842 0 2018-01-29 00:19:43 88
1517156384.088906127 -2.41301 -0.632837 0.631579 0 2018-01-29 00:19:44 88
1517156385.088573116 -2.41327 -0.63306 0.631579 0 2018-01-29 00:19:45 88
1517156386.088647981 -2.41264 -0.583381 0.631579 0 2018-01-29 00:19:46 88
1517156387.088570758 -2.40767 -0.412441 0.631579 0 2018-01-29 00:19:47 88
1517156388.088885733 -2.4075 -0.408415 1.05263 0 2018-01-29 00:19:48 88
1517156389.089247845 -2.40751 -0.408416 1.05263 0 2018-01-29 00:19:49 88
1517156390.088630817 -2.40751 -0.408416 2.10526 0 2018-01-29 00:19:50 88
1517156391.088709328 -2.40752 -0.408422 2.10526 0 2018-01-29 00:19:51 88
1517156392.088598719 -2.40453 -0.320096 3.36842 0 2018-01-29 00:19:52 88
1517156393.089000623 -2.3982 -0.189955 3.36842 0 2018-01-29 00:19:53 88
1517156394.088623966 -2.44579 -0.185616 4.52632 0 2018-01-29 00:19:54 88
1517156395.088553619 -2.44579 -0.185636 4.52632 0 2018-01-29 00:19:55 88
1517156396.088713850 -2.44579 -0.185622 7.78947 0 2018-01-29 00:19:56 88
1517156397.088566938 -2.44579 -0.18562 7.78947 0 2018-01-29 00:19:57 88
1517156398.088589770 -2.44307 -0.141599 8.63158 0 2018-01-29 00:19:58 88
1517156399.088705782 -2.43002 0.0217965 8.63158 0 2018-01-29 00:19:59 88
1517156400.088643820 -2.42937 0.0285725 7.05263 0 2018-01-29 00:20:00 88
1517156401.088556493 -2.42938 0.0285718 7.05263 0 2018-01-29 00:20:01 88
1517156402.088644535 -2.42938 0.0285622 6.94737 0 2018-01-29 00:20:02 88
1517156403.088587886 -2.42938 0.0285751 6.94737 0 2018-01-29 00:20:03 88
1517156404.088581707 -2.42938 0.0285738 8.42105 0 2018-01-29 00:20:04 88
1517156405.088576518 -2.42938 0.0285746 8.42105 0 2018-01-29 00:20:05 88
1517156406.088570287 -2.41331 0.178423 9.78947 0 2018-01-29 00:20:06 88
1517156407.088636505 -2.40358 0.258365 9.78947 0 2018-01-29 00:20:07 88
1517156408.088584856 -2.40359 0.258354 9.26316 0 2018-01-29 00:20:08 88
1517156409.088882956 -2.40359 0.258347 9.26316 0 2018-01-29 00:20:09 88
1517156410.088614687 -2.40359 0.258348 7.68421 0 2018-01-29 00:20:10 88
1517156411.088603143 -2.40359 0.258348 7.68421 0 2018-01-29 00:20:11 88
1517156412.088606652 -2.40051 0.284662 7.78947 0 2018-01-29 00:20:12 88
1517156413.088596566 -2.37813 0.464345 7.78947 0 2018-01-29 00:20:13 88
1517156414.088699661 -2.3725 0.521707 7.89474 0 2018-01-29 00:20:14 88
1517156415.088884476 -2.3725 0.521689 7.89474 0 2018-01-29 00:20:15 88
1517156416.088647458 -2.3725 0.521716 7.78947 0 2018-01-29 00:20:16 88
1517156417.088621174 -2.3725 0.521711 7.78947 0 2018-01-29 00:20:17 88
1517156418.088702966 -2.3725 0.521719 8.52632 0 2018-01-29 00:20:18 88
1517156419.088574857 -2.3725 0.52172 8.52632 0 2018-01-29 00:20:19 88
1517156420.088628992 -2.37081 0.534762 7.89474 0 2018-01-29 00:20:20 88
1517156421.088633438 -2.34586 0.712027 7.89474 0 2018-01-29 00:20:21 88
1517156422.088715022 -2.33895 0.757953 7.47368 0 2018-01-29 00:20:22 88
1517156423.088567225 -2.33895 0.757948 7.47368 0 2018-01-29 00:20:23 88
1517156424.088572973 -2.33895 0.757944 6.84211 0 2018-01-29 00:20:24 88
1517156425.088579659 -2.33895 0.757946 6.84211 0 2018-01-29 00:20:25 88
1517156426.088674628 -2.33895 0.757943 6.52632 0 2018-01-29 00:20:26 88
1517156427.088630844 -2.33895 0.757947 6.52632 0 2018-01-29 00:20:27 88
1517156428.088597841 -2.33895 0.757947 7.68421 0 2018-01-29 00:20:28 88
1517156429.088590204 -2.33895 0.757947 7.68421 0 2018-01-29 00:20:29 88
1517156430.088734185 -2.32907 0.825801 7.57895 0 2018-01-29 00:20:30 88
1517156431.088591752 -2.3037 0.987332 7.57895 0 2018-01-29 00:20:31 88
1517156432.088605834 -2.30277 0.993394 6.94737 0 2018-01-29 00:20:32 88
1517156433.088584655 -2.30277 0.993382 6.94737 0 2018-01-29 00:20:33 88
1517156434.088614727 -2.30277 0.993384 6.84211 0 2018-01-29 00:20:34 88
1517156435.088570734 -2.30277 0.993386 6.84211 0 2018-01-29 00:20:35 88
1517156436.088616640 -2.30277 0.993385 6.84211 0 2018-01-29 00:20:36 88
1517156437.088679265 -2.30277 0.993386 6.84211 0 2018-01-29 00:20:37 88
1517156438.088608969 -2.30277 0.993386 7.89474 0 2018-01-29 00:20:38 88
1517156439.088595394 -2.30277 0.993386 7.89474 0 2018-01-29 00:20:39 88
1517156440.088660675 -2.30277 0.993385 9.26316 0 2018-01-29 00:20:40 88
1517156441.089017058 -2.29391 1.05083 9.26316 0 2018-01-29 00:20:41 88
1517156442.088513054 -2.27706 1.15481 8.8421 0 2018-01-29 00:20:42 88
1517156443.088867092 -2.29239 1.14079 8.8421 0 2018-01-29 00:20:43 88
1517156444.088764452 -2.29239 1.14079 6.84211 0 2018-01-29 00:20:44 88
1517156445.089034582 -2.29239 1.14078 6.84211 0 2018-01-29 00:20:45 88
1517156446.089104915 -2.29239 1.14078 6.84211 0 2018-01-29 00:20:46 88
1517156447.088927430 -2.29239 1.14078 6.84211 0 2018-01-29 00:20:47 88
1517156448.088906407 -2.29239 1.14078 6.84211 0 2018-01-29 00:20:48 88
1517156449.088922312 -2.29239 1.14078 6.84211 0 2018-01-29 00:20:49 88
1517156450.088902278 -2.2825 1.24378 6.84211 0 2018-01-29 00:20:50 88
1517156451.088875838 -2.28996 1.31444 6.84211 0 2018-01-29 00:20:51 88
1517156452.088929400 -2.28991 1.3144 5.26316 0 2018-01-29 00:20:52 88
1517156453.089048276 -2.2899 1.31443 5.26316 0 2018-01-29 00:20:53 88
1517156454.088879802 -2.28989 1.31443 3.68421 0 2018-01-29 00:20:54 88
1517156455.088968312 -2.28989 1.31443 3.68421 0 2018-01-29 00:20:55 88
1517156456.088869996 -2.28989 1.31443 1.89474 0 2018-01-29 00:20:56 88
1517156457.089248410 -2.28989 1.31443 1.89474 0 2018-01-29 00:20:57 88
1517156458.089083216 -2.28989 1.31443 1.47368 0 2018-01-29 00:20:58 88
1517156459.088609577 -2.30811 1.38325 1.47368 0 2018-01-29 00:20:59 88
1517156460.089011273 -2.35583 1.47607 2.10526 0 2018-01-29 00:21:00 88
1517156461.088797016 -2.24873 1.35436 2.10526 0 2018-01-29 00:21:01 88
1517156462.088622135 -2.11882 1.21134 1.68421 0 2018-01-29 00:21:02 88
1517156463.088738407 -2.11147 1.20378 1.68421 0 2018-01-29 00:21:03 88
1517156464.088560348 -2.18375 1.2721 2.73684 0 2018-01-29 00:21:04 88
1517156465.088601254 -2.36098 1.34904 2.73684 0 2018-01-29 00:21:05 88
1517156466.088607627 -2.5491 1.32678 2.63158 0 2018-01-29 00:21:06 88
1517156467.088665096 -2.713 1.22461 2.63158 0 2018-01-29 00:21:07 88
1517156468.088609957 -2.70514 1.18731 3.57895 0 2018-01-29 00:21:08 88
1517156469.088579350 -2.70521 1.18746 3.57895 0 2018-01-29 00:21:09 88
1517156470.088586921 -2.70523 1.18749 4.73684 0 2018-01-29 00:21:10 88
1517156471.088576315 -2.70523 1.18751 4.73684 0 2018-01-29 00:21:11 88
1517156472.088592480 -2.70524 1.18751 6.42105 0 2018-01-29 00:21:12 88
1517156473.088660522 -2.70524 1.18751 6.42105 0 2018-01-29 00:21:13 88
1517156474.088625071 -2.70524 1.18751 5.36842 0 2018-01-29 00:21:14 88
1517156475.088569152 -2.70524 1.18751 5.36842 0 2018-01-29 00:21:15 88
1517156476.088611932 -2.70524 1.18751 4.63158 0 2018-01-29 00:21:16 88
1517156477.088586794 -2.74235 1.13527 4.63158 0 2018-01-29 00:21:17 88
1517156478.088596293 -2.82243 1.02316 5.89474 0 2018-01-29 00:21:18 88
1517156479.088583186 -2.82244 1.02314 5.89474 0 2018-01-29 00:21:19 88
1517156480.088657582 -2.8264 1.01762 6.21053 0 2018-01-29 00:21:20 88
1517156481.088912347 -2.89837 0.87633 6.21053 0 2018-01-29 00:21:21 88
1517156482.088679235 -2.89443 0.878676 5.26316 0 2018-01-29 00:21:22 88
1517156483.088839154 -2.88884 0.881243 5.26316 0 2018-01-29 00:21:23 88
1517156484.089386739 -2.88885 0.881239 4.73684 0 2018-01-29 00:21:24 88
1517156485.088578821 -2.88889 0.88105 4.73684 0 2018-01-29 00:21:25 88
1517156486.088574309 -2.92156 0.74782 3.89474 0 2018-01-29 00:21:26 88
1517156487.088567557 -2.94034 0.673551 3.89474 0 2018-01-29 00:21:27 88
1517156488.088655859 -2.94035 0.673507 5.26316 0 2018-01-29 00:21:28 88
1517156489.088533844 -2.94035 0.673496 5.26316 0 2018-01-29 00:21:29 88
1517156490.088605219 -2.94035 0.673499 5.05263 0 2018-01-29 00:21:30 88
1517156491.088581800 -2.96812 0.565385 5.05263 0 2018-01-29 00:21:31 88
1517156492.088572756 -3.01171 0.40448 4.21053 0 2018-01-29 00:21:32 88
1517156493.088620850 -3.01249 0.401596 4.21053 0 2018-01-29 00:21:33 88
1517156494.088815092 -3.01249 0.401611 4.42105 0 2018-01-29 00:21:34 88
1517156495.089093556 -3.01249 0.401605 4.42105 0 2018-01-29 00:21:35 88
1517156496.088738514 -3.01249 0.401607 5.57895 0 2018-01-29 00:21:36 88
1517156497.088804837 -3.01249 0.401608 5.57895 0 2018-01-29 00:21:37 88
1517156498.088935171 -3.01249 0.401608 5.89474 0 2018-01-29 00:21:38 88
1517156499.088717320 -3.01249 0.401608 5.89474 0 2018-01-29 00:21:39 88
1517156500.088615410 -3.01249 0.401608 6.63158 0 2018-01-29 00:21:40 88
1517156501.088490634 -3.03843 0.308249 6.63158 0 2018-01-29 00:21:41 88
1517156502.088524248 -3.09494 0.121 5.57895 0 2018-01-29 00:21:42 88
1517156503.088562340 -3.10678 0.11719 5.57895 0 2018-01-29 00:21:43 88
1517156504.088669498 -3.10677 0.117204 5.78947 0 2018-01-29 00:21:44 88
1517156505.088564254 -3.10678 0.117182 5.78947 0 2018-01-29 00:21:45 88
1517156506.088634014 -3.11952 0.0803294 6.21053 0 2018-01-29 00:21:46 88
1517156507.088742577 -3.17715 -0.0809539 6.21053 0 2018-01-29 00:21:47 88
1517156508.088593113 -3.18151 -0.0927957 5.68421 0 2018-01-29 00:21:48 88
1517156509.088595424 -3.18151 -0.0928128 5.68421 0 2018-01-29 00:21:49 88
1517156510.088589558 -3.18151 -0.0928064 6.31579 0 2018-01-29 00:21:50 88
1517156511.088584472 -3.18151 -0.0928131 6.31579 0 2018-01-29 00:21:51 88
1517156512.088636836 -3.18551 -0.103756 6.42105 0 2018-01-29 00:21:52 88
1517156513.088682117 -3.25201 -0.279784 6.42105 0 2018-01-29 00:21:53 88
1517156514.088517080 -3.27619 -0.448596 6.31579 0 2018-01-29 00:21:54 88
1517156515.088582361 -3.22174 -0.634968 6.31579 0 2018-01-29 00:21:55 88
1517156516.088597901 -3.07064 -0.753843 4.21053 0 2018-01-29 00:21:56 88
1517156517.088649119 -2.8089 -0.783508 4.21053 0 2018-01-29 00:21:57 88
1517156518.088584762 -2.62454 -0.739013 2.94737 0 2018-01-29 00:21:58 88
1517156519.088523321 -2.53538 -0.582742 2.94737 0 2018-01-29 00:21:59 88
1517156520.088594748 -2.48081 -0.447367 1.57895 0 2018-01-29 00:22:00 88
1517156521.088586850 -2.48051 -0.446929 1.57895 0 2018-01-29 00:22:01 88
1517156522.088660777 -2.48043 -0.447018 1.36842 0 2018-01-29 00:22:02 88
1517156523.088563658 -2.48041 -0.447046 1.36842 0 2018-01-29 00:22:03 88
1517156524.088598991 -2.48041 -0.447059 2.21053 0 2018-01-29 00:22:04 88
1517156525.089112460 -2.4804 -0.447051 2.21053 0 2018-01-29 00:22:05 88
1517156526.088593560 -2.4804 -0.447051 2.52632 0 2018-01-29 00:22:06 88
1517156527.088570297 -2.47236 -0.381242 2.52632 0 2018-01-29 00:22:07 88
1517156528.088612505 -2.44842 -0.202904 3.89474 0 2018-01-29 00:22:08 88
1517156529.088594711 -2.44543 -0.183566 3.89474 0 2018-01-29 00:22:09 88
1517156530.088661190 -2.44543 -0.183566 5.05263 0 2018-01-29 00:22:10 88
1517156531.088567873 -2.44543 -0.183565 5.05263 0 2018-01-29 00:22:11 88
1517156532.088617685 -2.44543 -0.183562 6.31579 0 2018-01-29 00:22:12 88
1517156533.088560984 -2.44543 -0.183564 6.31579 0 2018-01-29 00:22:13 88
1517156534.088645901 -2.44543 -0.183564 7.57895 0 2018-01-29 00:22:14 88
1517156535.088760194 -2.44543 -0.183563 7.57895 0 2018-01-29 00:22:15 88
1517156536.088613178 -2.4454 -0.183378 8.94737 0 2018-01-29 00:22:16 88
1517156537.088600280 -2.42046 -0.0300644 8.94737 0 2018-01-29 00:22:17 88
1517156538.088633425 -2.39969 0.0854504 8.52632 0 2018-01-29 00:22:18 88
1517156539.088580630 -2.4346 0.0779564 8.52632 0 2018-01-29 00:22:19 88
1517156540.088577316 -2.4346 0.0779454 8.10526 0 2018-01-29 00:22:20 88
1517156541.088597023 -2.4346 0.0779612 8.10526 0 2018-01-29 00:22:21 88
1517156542.088596833 -2.4346 0.0779565 7.26316 0 2018-01-29 00:22:22 88
1517156543.088546174 -2.4346 0.0779617 7.26316 0 2018-01-29 00:22:23 88
1517156544.088573173 -2.4346 0.077961 7.47368 0 2018-01-29 00:22:24 88
1517156545.088935701 -2.4346 0.0779612 7.47368 0 2018-01-29 00:22:25 88
1517156546.088606285 -2.4346 0.0779611 8 0 2018-01-29 00:22:26 88
1517156547.088888915 -2.4346 0.0779611 8 0 2018-01-29 00:22:27 88
1517156548.088642574 -2.4346 0.0779611 7.47368 0 2018-01-29 00:22:28 88
1517156549.088595091 -2.4346 0.0779611 7.47368 0 2018-01-29 00:22:29 88
1517156550.088503181 -2.4346 0.0779611 6.31579 0 2018-01-29 00:22:30 88
1517156551.088555962 -2.4346 0.0779611 6.31579 0 2018-01-29 00:22:31 88
1517156552.088583586 -2.4346 0.0779611 5.78947 0 2018-01-29 00:22:32 88
1517156553.088571000 -2.4346 0.0779611 5.78947 0 2018-01-29 00:22:33 88
1517156554.088667480 -2.4346 0.0779611 7.68421 0 2018-01-29 00:22:34 88
1517156555.088654634 -2.4346 0.0779611 7.68421 0 2018-01-29 00:22:35 88
1517156556.088758354 -2.4346 0.0779611 7.68421 0 2018-01-29 00:22:36 88
1517156557.088575764 -2.4346 0.0779611 7.68421 0 2018-01-29 00:22:37 88
1517156558.088688755 -2.4346 0.0779611 8.31579 0 2018-01-29 00:22:38 88
1517156559.088568198 -2.4346 0.0779611 8.31579 0 2018-01-29 00:22:39 88
1517156560.088530664 -2.4346 0.0779611 7.57895 0 2018-01-29 00:22:40 88
1517156561.088665530 -2.41064 0.185213 7.57895 0 2018-01-29 00:22:41 88
1517156562.088697789 -2.39015 0.270662 7.89474 0 2018-01-29 00:22:42 88
1517156563.088567284 -2.39015 0.270641 7.89474 0 2018-01-29 00:22:43 88
1517156564.088597356 -2.39014 0.270673 7.68421 0 2018-01-29 00:22:44 88
1517156565.088574927 -2.39015 0.270671 7.68421 0 2018-01-29 00:22:45 88
1517156566.089097146 -2.38981 0.272095 7.47368 0 2018-01-29 00:22:46 88
1517156567.088579652 -2.35022 0.431989 7.47368 0 2018-01-29 00:22:47 88
1517156568.088645142 -2.33174 0.50434 7.78947 0 2018-01-29 00:22:48 88
1517156569.088646463 -2.33174 0.504339 7.78947 0 2018-01-29 00:22:49 88
1517156570.088657368 -2.33174 0.504344 9.1579 0 2018-01-29 00:22:50 88
1517156571.088935779 -2.33174 0.504344 9.1579 0 2018-01-29 00:22:51 88
1517156572.088599071 -2.3091 0.588929 9.36842 0 2018-01-29 00:22:52 88
1517156573.088579141 -2.27674 0.705249 9.36842 0 2018-01-29 00:22:53 88
1517156574.088644943 -2.27665 0.705578 8.63158 0 2018-01-29 00:22:54 88
1517156575.088524334 -2.27665 0.705566 8.63158 0 2018-01-29 00:22:55 88
1517156576.088591907 -2.25672 0.776495 8.52632 0 2018-01-29 00:22:56 88
1517156577.088759951 -2.2558 0.91888 8.52632 0 2018-01-29 00:22:57 88
1517156578.088671270 -2.25545 0.920075 10 0 2018-01-29 00:22:58 88
1517156579.088608163 -2.25546 0.920067 10 0 2018-01-29 00:22:59 88
1517156580.089158300 -2.25546 0.920066 10.9474 0 2018-01-29 00:23:00 88
1517156581.088731798 -2.25546 0.920063 10.9474 0 2018-01-29 00:23:01 88
1517156582.088610824 -2.25546 0.920069 9.89474 0 2018-01-29 00:23:02 88
1517156583.088577665 -2.25546 0.920068 9.89474 0 2018-01-29 00:23:03 88
1517156584.088590184 -2.21995 1.03706 9.68421 0 2018-01-29 00:23:04 88
1517156585.088566244 -2.18377 1.15255 9.68421 0 2018-01-29 00:23:05 88
1517156586.088709705 -2.18378 1.15254 11.2632 0 2018-01-29 00:23:06 88
1517156587.088762485 -2.18378 1.15253 11.2632 0 2018-01-29 00:23:07 88
1517156588.088613126 -2.18378 1.15255 8.42105 0 2018-01-29 00:23:08 88
1517156589.088568769 -2.18378 1.15254 8.42105 0 2018-01-29 00:23:09 88
1517156590.088691447 -2.17475 1.17922 4.94737 0 2018-01-29 00:23:10 88
1517156591.088571723 -2.07488 1.33373 4.94737 0 2018-01-29 00:23:11 88
1517156592.089097537 -1.98149 1.39843 3.15789 0 2018-01-29 00:23:12 88
1517156593.088570720 -1.95551 1.39862 3.15789 0 2018-01-29 00:23:13 88
1517156594.088811474 -1.93033 1.40703 1.78947 0 2018-01-29 00:23:14 88
1517156595.089049624 -1.74388 1.41673 1.78947 0 2018-01-29 00:23:15 88
1517156596.088636924 -1.6891 1.39687 1.05263 0 2018-01-29 00:23:16 88
1517156597.088641839 -1.56673 1.30175 1.05263 0 2018-01-29 00:23:17 88
1517156598.089545475 -1.48582 1.16028 0.526316 0 2018-01-29 00:23:18 88
1517156599.088765058 -1.45677 1.17539 0.526316 0 2018-01-29 00:23:19 88
1517156600.088600750 -1.45669 1.17542 0.842105 0 2018-01-29 00:23:20 88
1517156601.088583581 -1.45657 1.17502 0.842105 0 2018-01-29 00:23:21 88
1517156602.088687456 -1.42857 1.04007 0.947368 0 2018-01-29 00:23:22 88
1517156603.088650808 -1.42312 1.01164 0.947368 0 2018-01-29 00:23:23 88
1517156604.088617180 -1.42312 1.01167 1.15789 0 2018-01-29 00:23:24 88
1517156605.088658607 -1.42311 1.01166 1.15789 0 2018-01-29 00:23:25 88
1517156606.088588832 -1.42311 1.01165 1.78947 0 2018-01-29 00:23:26 88
1517156607.088577913 -1.41034 0.943293 1.78947 0 2018-01-29 00:23:27 88
1517156608.088889919 -1.3844 0.795153 1.57895 0 2018-01-29 00:23:28 88
1517156609.088641130 -1.38422 0.794127 1.57895 0 2018-01-29 00:23:29 88
1517156610.088588023 -1.38422 0.794119 1.78947 0 2018-01-29 00:23:30 88
1517156611.088557937 -1.38422 0.794124 1.78947 0 2018-01-29 00:23:31 88
1517156612.088668844 -1.38422 0.794123 4 0 2018-01-29 00:23:32 88
1517156613.088758970 -1.36552 0.679398 4 0 2018-01-29 00:23:33 88
1517156614.088690289 -1.34815 0.56035 5.05263 0 2018-01-29 00:23:34 88
1517156615.088585462 -1.32429 0.585584 5.05263 0 2018-01-29 00:23:35 88
1517156616.088602512 -1.32428 0.585555 13.5789 0 2018-01-29 00:23:36 88
1517156617.088623209 -1.32428 0.585549 13.5789 0 2018-01-29 00:23:37 88
1517156618.088693438 -1.32428 0.585552 21.7895 0 2018-01-29 00:23:38 88
1517156619.088764917 -1.32428 0.585552 21.7895 0 2018-01-29 00:23:39 88
1517156620.088606807 -1.32428 0.585552 27.5789 0 2018-01-29 00:23:40 88
1517156621.088558752 -1.32428 0.585552 27.5789 0 2018-01-29 00:23:41 88
1517156622.088593407 -1.3209 0.567034 30 0 2018-01-29 00:23:42 88
1517156623.088586447 -1.29279 0.398849 30 0 2018-01-29 00:23:43 88
1517156624.088553288 -1.28753 0.363803 32.4211 0 2018-01-29 00:23:44 88
1517156625.088575912 -1.28752 0.363762 32.4211 0 2018-01-29 00:23:45 88
1517156626.088600307 -1.28752 0.363772 33.3684 0 2018-01-29 00:23:46 88
1517156627.088661004 -1.28751 0.363757 33.3684 0 2018-01-29 00:23:47 88
1517156628.088606855 -1.28752 0.363759 36.8421 0 2018-01-29 00:23:48 88
1517156629.088587238 -1.28751 0.363758 36.8421 0 2018-01-29 00:23:49 88
1517156630.088608873 -1.28752 0.363759 36.3158 0 2018-01-29 00:23:50 88
1517156631.088602746 -1.28752 0.363759 36.3158 0 2018-01-29 00:23:51 88
1517156632.088580368 -1.27684 0.293504 33.0526 0 2018-01-29 00:23:52 88
1517156633.088575908 -1.25371 0.127439 33.0526 0 2018-01-29 00:23:53 88
1517156634.088857809 -1.25305 0.12249 31.8947 0 2018-01-29 00:23:54 88
1517156635.088558341 -1.25305 0.122503 31.8947 0 2018-01-29 00:23:55 88
1517156636.088601330 -1.25305 0.122501 34.1053 0 2018-01-29 00:23:56 88
1517156637.088586141 -1.25305 0.122505 34.1053 0 2018-01-29 00:23:57 88
1517156638.088596264 -1.25305 0.122499 35.4737 0 2018-01-29 00:23:58 88
1517156639.088646128 -1.25301 0.122224 35.4737 0 2018-01-29 00:23:59 88
1517156640.088662189 -1.23547 -0.0304141 32.2105 0 2018-01-29 00:24:00 88
1517156641.088554758 -1.2271 -0.113669 32.2105 0 2018-01-29 00:24:01 88
1517156642.088565767 -1.22299 -0.102559 30.1053 0 2018-01-29 00:24:02 88
1517156643.088567452 -1.22299 -0.102551 30.1053 0 2018-01-29 00:24:03 88
1517156644.088594295 -1.22299 -0.102553 2.10526 0 2018-01-29 00:24:04 88
1517156645.088593949 -1.22299 -0.102553 2.10526 0 2018-01-29 00:24:05 88
1517156646.088515633 -1.21103 -0.226698 2.10526 0 2018-01-29 00:24:06 88
1517156647.088582841 -1.20129 -0.345063 2.10526 0 2018-01-29 00:24:07 88
1517156648.088644581 -1.20128 -0.345067 1.89474 0 2018-01-29 00:24:08 88
1517156649.088773509 -1.20019 -0.358988 1.89474 0 2018-01-29 00:24:09 88
1517156650.088605191 -1.18855 -0.533153 1.57895 0 2018-01-29 00:24:10 88
1517156651.088565990 -1.18536 -0.676745 1.57895 0 2018-01-29 00:24:11 88
1517156652.088615021 -1.18714 -0.695447 0.842105 0 2018-01-29 00:24:12 88
1517156653.088921089 -1.17143 -0.876672 0.842105 0 2018-01-29 00:24:13 88
1517156654.088596933 -1.04229 -1.03982 0.315789 0 2018-01-29 00:24:14 88
1517156655.089172592 -0.879026 -1.1377 0.315789 0 2018-01-29 00:24:15 88
1517156656.088987398 -0.674038 -1.0942 0.105263 0 2018-01-29 00:24:16 88
1517156657.088936478 -0.511572 -1.01611 0.105263 0 2018-01-29 00:24:17 88
1517156658.088548154 -0.411564 -0.857849 0 0 2018-01-29 00:24:18 88
1517156659.088762189 -0.39789 -0.697292 0 0 2018-01-29 00:24:19 88
1517156660.088595745 -0.397622 -0.697541 0.210526 0 2018-01-29 00:24:20 88
1517156661.088918429 -0.397109 -0.674025 0.210526 0 2018-01-29 00:24:21 88
1517156662.088600783 -0.396198 -0.495328 0.421053 0 2018-01-29 00:24:22 88
1517156663.088564916 -0.394873 -0.307121 0.421053 0 2018-01-29 00:24:23 88
1517156664.088590665 -0.404596 -0.281512 0.315789 0 2018-01-29 00:24:24 88
1517156665.088546672 -0.404585 -0.281525 0.315789 0 2018-01-29 00:24:25 88
1517156666.090083970 -0.404583 -0.184873 0.421053 0 2018-01-29 00:24:26 89
1517156667.088531606 -0.402467 -0.0548611 0.421053 0 2018-01-29 00:24:27 88
1517156668.088620898 -0.40247 -0.0548512 0.526316 0 2018-01-29 00:24:28 88
1517156669.088621125 -0.402471 -0.0548452 0.526316 0 2018-01-29 00:24:29 88
1517156670.088604113 -0.399308 0.060593 0.736842 0 2018-01-29 00:24:30 88
1517156671.088761167 -0.395885 0.146184 0.736842 0 2018-01-29 00:24:31 88
1517156672.088965358 -0.395889 0.146235 1.05263 0 2018-01-29 00:24:32 88
1517156673.088578232 -0.395891 0.146223 1.05263 0 2018-01-29 00:24:33 88
1517156674.088591636 -0.39589 0.14624 2.10526 0 2018-01-29 00:24:34 88
1517156675.088636813 -0.392979 0.202826 2.10526 0 2018-01-29 00:24:35 88
1517156676.088641467 -0.386363 0.306528 3.89474 0 2018-01-29 00:24:36 88
1517156677.088630653 -0.40562 0.294234 3.89474 0 2018-01-29 00:24:37 88
1517156678.088648224 -0.405622 0.29423 154.737 0 2018-01-29 00:24:38 88
1517156679.088836582 -0.405622 0.294232 154.737 0 2018-01-29 00:24:39 88
1517156680.088590709 -0.405622 0.294234 165.439 0 2018-01-29 00:24:40 88
1517156681.088615208 -0.405622 0.294233 165.439 0 2018-01-29 00:24:41 88
1517156682.089067842 -0.405622 0.294234 165.789 0 2018-01-29 00:24:42 88
1517156683.088808011 -0.405622 0.294234 165.789 0 2018-01-29 00:24:43 88
1517156684.088874959 -0.405622 0.294234 165.684 0 2018-01-29 00:24:44 88
1517156685.088866280 -0.404045 0.314508 165.684 0 2018-01-29 00:24:45 88
1517156686.088899529 -0.400477 0.357412 167.684 0 2018-01-29 00:24:46 88
1517156687.089176846 -0.400476 0.357428 167.684 0 2018-01-29 00:24:47 88
1517156688.088777324 -0.400477 0.357425 194.421 0 2018-01-29 00:24:48 88
1517156689.088585620 -0.394034 0.429566 194.421 0 2018-01-29 00:24:49 88
1517156690.088559700 -0.3868 0.502229 218.632 0 2018-01-29 00:24:50 88
1517156691.089125619 -0.386804 0.502221 218.632 0 2018-01-29 00:24:51 88
1517156692.088652293 -0.386804 0.502221 240.526 0 2018-01-29 00:24:52 88
1517156693.088853827 -0.386804 0.502224 240.526 0 2018-01-29 00:24:53 88
1517156694.088583736 -0.386804 0.502224 246.211 0 2018-01-29 00:24:54 88
1517156695.088586984 -0.386804 0.502225 246.211 0 2018-01-29 00:24:55 88
1517156696.088662838 -0.386804 0.502224 248 0 2018-01-29 00:24:56 88
1517156697.088584470 -0.386214 0.507837 248 0 2018-01-29 00:24:57 88
1517156698.088629073 -0.372802 0.635605 245.474 0 2018-01-29 00:24:58 88
1517156699.088581799 -0.37282 0.635463 245.474 0 2018-01-29 00:24:59 88
1517156700.088610361 -0.372821 0.635458 74.4737 0 2018-01-29 00:25:00 88
1517156701.088596369 -0.372821 0.635454 74.4737 0 2018-01-29 00:25:01 88
1517156702.088571231 -0.372821 0.635455 10.5263 0 2018-01-29 00:25:02 88
1517156703.088645054 -0.372821 0.635455 10.5263 0 2018-01-29 00:25:03 88
1517156704.088608301 -0.372821 0.635455 9.12281 0 2018-01-29 00:25:04 88
1517156705.088544152 -0.372821 0.635456 9.12281 0 2018-01-29 00:25:05 88
1517156706.088566620 -0.372821 0.635455 8.73684 0 2018-01-29 00:25:06 88
1517156707.088575233 -0.372821 0.635455 8.73684 0 2018-01-29 00:25:07 88
1517156708.088672442 -0.364529 0.705489 6.94737 0 2018-01-29 00:25:08 88
1517156709.088649700 -0.364296 0.7074 6.94737 0 2018-01-29 00:25:09 88
1517156710.088613884 -0.364295 0.707405 6.52632 0 2018-01-29 00:25:10 88
1517156711.088573538 -0.364295 0.707404 6.52632 0 2018-01-29 00:25:11 88
1517156712.088728978 -0.364296 0.707403 5.36842 0 2018-01-29 00:25:12 88
1517156713.088557586 -0.362495 0.722239 5.36842 0 2018-01-29 00:25:13 88
1517156714.088627190 -0.344544 0.855437 3.47368 0 2018-01-29 00:25:14 88
1517156715.088580906 -0.344007 0.859001 3.47368 0 2018-01-29 00:25:15 88
1517156716.088607176 -0.344008 0.859008 3.26316 0 2018-01-29 00:25:16 88
1517156717.088568912 -0.344009 0.859006 3.26316 0 2018-01-29 00:25:17 88
1517156718.088585755 -0.344009 0.859006 2.73684 0 2018-01-29 00:25:18 88
1517156719.088574576 -0.344009 0.859004 2.73684 0 2018-01-29 00:25:19 88
1517156720.088707515 -0.344009 0.859005 2 0 2018-01-29 00:25:20 88
1517156721.088579457 -0.329213 0.957176 2 0 2018-01-29 00:25:21 88
1517156722.088656770 -0.337078 1.00409 1.47368 0 2018-01-29 00:25:22 88
1517156723.088789136 -0.337081 1.00407 1.47368 0 2018-01-29 00:25:23 88
1517156724.088603578 -0.337081 1.00408 1.26316 0 2018-01-29 00:25:24 88
1517156725.088828967 -0.326869 1.06528 1.26316 0 2018-01-29 00:25:25 88
1517156726.088595803 -0.284852 1.19954 0.631579 0 2018-01-29 00:25:26 88
1517156727.088532383 -0.157668 1.3436 0.631579 0 2018-01-29 00:25:27 88
1517156728.088593029 0.0220601 1.3928 0.631579 0 2018-01-29 00:25:28 88
1517156729.088590964 0.207257 1.34826 0.631579 0 2018-01-29 00:25:29 88
1517156730.088537805 0.322788 1.23715 0.421053 0 2018-01-29 00:25:30 88
1517156731.088618815 0.379168 1.05408 0.421053 0 2018-01-29 00:25:31 88
1517156732.088785974 0.330286 0.868814 0.210526 0 2018-01-29 00:25:32 88
1517156733.088562237 0.203828 0.746877 0.210526 0 2018-01-29 00:25:33 88
1517156734.088603560 0.0118541 0.696817 0.631579 0 2018-01-29 00:25:34 88
1517156735.088602693 -0.14017 0.709133 0.631579 0 2018-01-29 00:25:35 88
1517156736.088600212 -0.180427 0.708606 1.26316 0 2018-01-29 00:25:36 88
1517156737.088584189 -0.180394 0.70851 1.26316 0 2018-01-29 00:25:37 88
1517156738.088576395 -0.253075 0.719114 2.21053 0 2018-01-29 00:25:38 88
1517156739.088553862 -0.341318 0.733173 2.21053 0 2018-01-29 00:25:39 88
1517156740.088760292 -0.341318 0.733161 3.36842 0 2018-01-29 00:25:40 88
1517156741.088716560 -0.341317 0.733157 3.36842 0 2018-01-29 00:25:41 88
1517156742.088610847 -0.341312 0.733155 4.73684 0 2018-01-29 00:25:42 88
1517156743.088579251 -0.34132 0.733156 4.73684 0 2018-01-29 00:25:43 88
1517156744.088640886 -0.448887 0.75143 4.94737 0 2018-01-29 00:25:44 88
1517156745.088740491 -0.503087 0.761065 4.94737 0 2018-01-29 00:25:45 88
1517156746.088621549 -0.503072 0.761061 5.05263 0 2018-01-29 00:25:46 88
1517156747.089170540 -0.503095 0.761065 5.05263 0 2018-01-29 00:25:47 88
1517156748.088626587 -0.503095 0.761064 4.52632 0 2018-01-29 00:25:48 88
1517156749.088634992 -0.503093 0.761064 4.52632 0 2018-01-29 00:25:49 88
1517156750.088751628 -0.503094 0.761064 4.84211 0 2018-01-29 00:25:50 88
1517156751.088664822 -0.503094 0.761064 4.84211 0 2018-01-29 00:25:51 88
1517156752.088640882 -0.554552 0.770442 4.94737 0 2018-01-29 00:25:52 88
1517156753.088632359 -0.667586 0.792618 4.94737 0 2018-01-29 00:25:53 88
1517156754.088619045 -0.671451 0.760404 4.52632 0 2018-01-29 00:25:54 88
1517156755.088498696 -0.671447 0.760402 4.52632 0 2018-01-29 00:25:55 88
1517156756.088641062 -0.671445 0.760401 4.42105 0 2018-01-29 00:25:56 88
1517156757.088583111 -0.671446 0.760401 4.42105 0 2018-01-29 00:25:57 88
1517156758.088673185 -0.671446 0.760401 4.84211 0 2018-01-29 00:25:58 88
1517156759.088677006 -0.752837 0.777431 4.84211 0 2018-01-29 00:25:59 88
1517156760.088594106 -0.880117 0.80566 4.31579 0 2018-01-29 00:26:00 88
1517156761.088599646 -0.880048 0.80564 4.31579 0 2018-01-29 00:26:01 88
1517156762.088649146 -0.880083 0.805646 4.63158 0 2018-01-29 00:26:02 88
1517156763.088581142 -0.880082 0.805646 4.63158 0 2018-01-29 00:26:03 88
1517156764.088607568 -0.88008 0.805645 5.78947 0 2018-01-29 00:26:04 88
1517156765.088584514 -0.88008 0.805645 5.78947 0 2018-01-29 00:26:05 88
1517156766.088593283 -0.880079 0.805645 6.84211 0 2018-01-29 00:26:06 88
1517156767.088481893 -0.880079 0.805645 6.84211 0 2018-01-29 00:26:07 88
1517156768.088604727 -0.88023 0.80568 6.73684 0 2018-01-29 00:26:08 88
1517156769.088574433 -1.02086 0.838704 6.73684 0 2018-01-29 00:26:09 88
1517156770.088539972 -1.11155 0.861287 6.10526 0 2018-01-29 00:26:10 88
1517156771.088504261 -1.11154 0.861282 6.10526 0 2018-01-29 00:26:11 88
1517156772.088635273 -1.11153 0.861279 6.73684 0 2018-01-29 00:26:12 88
1517156773.088581280 -1.11155 0.861283 6.73684 0 2018-01-29 00:26:13 88
1517156774.088847921 -1.11155 0.861283 8 0 2018-01-29 00:26:14 88
1517156775.088589339 -1.11155 0.861283 8 0 2018-01-29 00:26:15 88
1517156776.088606963 -1.17723 0.877671 7.68421 0 2018-01-29 00:26:16 88
1517156777.088600471 -1.2807 0.905257 7.68421 0 2018-01-29 00:26:17 88
1517156778.088640127 -1.2807 0.905254 8.94737 0 2018-01-29 00:26:18 88
1517156779.088564884 -1.2807 0.905252 8.94737 0 2018-01-29 00:26:19 88
1517156780.088771106 -1.2807 0.905252 10.3158 0 2018-01-29 00:26:20 88
1517156781.088796282 -1.2807 0.905252 10.3158 0 2018-01-29 00:26:21 88
1517156782.088587129 -1.2807 0.905252 11.0526 0 2018-01-29 00:26:22 88
1517156783.088520115 -1.2807 0.905252 11.0526 0 2018-01-29 00:26:23 88
1517156784.088587583 -1.2807 0.905252 9.89474 0 2018-01-29 00:26:24 88
1517156785.088635364 -1.2807 0.905252 9.89474 0 2018-01-29 00:26:25 88
1517156786.088992007 -1.34312 0.922109 10.8421 0 2018-01-29 00:26:26 88
1517156787.088802646 -1.46902 0.958465 10.8421 0 2018-01-29 00:26:27 88
1517156788.088814801 -1.45435 0.943557 12.3158 0 2018-01-29 00:26:28 88
1517156789.088558824 -1.45436 0.94356 12.3158 0 2018-01-29 00:26:29 88
1517156790.088647543 -1.45435 0.943556 13.5789 0 2018-01-29 00:26:30 88
1517156791.088595321 -1.45436 0.943559 13.5789 0 2018-01-29 00:26:31 88
1517156792.088632997 -1.45436 0.943559 12.3158 0 2018-01-29 00:26:32 88
1517156793.088899065 -1.45436 0.943558 12.3158 0 2018-01-29 00:26:33 88
1517156794.088541523 -1.45436 0.943559 11.3684 0 2018-01-29 00:26:34 88
1517156795.088671493 -1.45955 0.945223 11.3684 0 2018-01-29 00:26:35 88
1517156796.088803911 -1.61589 0.997913 11.7895 0 2018-01-29 00:26:36 88
1517156797.088571997 -1.63601 1.0049 11.7895 0 2018-01-29 00:26:37 88
1517156798.088639414 -1.63601 1.0049 12.4211 0 2018-01-29 00:26:38 88
1517156799.088569223 -1.63602 1.0049 12.4211 0 2018-01-29 00:26:39 88
1517156800.088625806 -1.63602 1.0049 12.7368 0 2018-01-29 00:26:40 88
1517156801.088559625 -1.63602 1.0049 12.7368 0 2018-01-29 00:26:41 88
1517156802.088663865 -1.74185 1.04237 12.6316 0 2018-01-29 00:26:42 88
1517156803.088582216 -1.85053 1.08194 12.6316 0 2018-01-29 00:26:43 88
1517156804.088618590 -1.85053 1.08194 11.6842 0 2018-01-29 00:26:44 88
1517156805.088556003 -1.87483 1.09038 11.6842 0 2018-01-29 00:26:45 88
1517156806.088603002 -2.05683 1.11201 11.2632 0 2018-01-29 00:26:46 88
1517156807.089865241 -2.22761 1.01303 11.2632 0 2018-01-29 00:26:47 88
1517156808.089334101 -2.3514 0.868697 10.2105 0 2018-01-29 00:26:48 88
1517156809.088646706 -2.36129 0.669849 10.2105 0 2018-01-29 00:26:49 88
1517156810.088603183 -2.30888 0.4865 9.47368 0 2018-01-29 00:26:50 88
1517156811.088589243 -2.15588 0.366957 9.47368 0 2018-01-29 00:26:51 88
1517156812.088885363 -1.95673 0.343778 9.47368 0 2018-01-29 00:26:52 88
1517156813.088649856 -1.81376 0.368846 9.47368 0 2018-01-29 00:26:53 88
1517156814.088601853 -1.81307 0.392479 10.6316 0 2018-01-29 00:26:54 88
1517156815.088717083 -1.77138 0.408468 10.6316 0 2018-01-29 00:26:55 88
1517156816.088564598 -1.7012 0.422614 13.3684 0 2018-01-29 00:26:56 88
1517156817.088644827 -1.70112 0.422651 13.3684 0 2018-01-29 00:26:57 88
1517156818.088725682 -1.64078 0.427586 16 0 2018-01-29 00:26:58 88
1517156819.088747628 -1.53624 0.434994 16 0 2018-01-29 00:26:59 88
1517156820.088582591 -1.53946 0.423529 17.5789 0 2018-01-29 00:27:00 88
1517156821.088573079 -1.53946 0.423531 17.5789 0 2018-01-29 00:27:01 88
1517156822.088611224 -1.53946 0.423532 18.1053 0 2018-01-29 00:27:02 88
1517156823.088566294 -1.50527 0.423287 18.1053 0 2018-01-29 00:27:03 88
1517156824.088589490 -1.34086 0.420194 18 0 2018-01-29 00:27:04 88
1517156825.088631386 -1.33567 0.42006 18 0 2018-01-29 00:27:05 88
1517156826.088727605 -1.33563 0.420061 19.7895 0 2018-01-29 00:27:06 88
1517156827.088580224 -1.33563 0.420061 19.7895 0 2018-01-29 00:27:07 88
1517156828.088642276 -1.33563 0.420061 26.1053 0 2018-01-29 00:27:08 88
1517156829.088606461 -1.33498 0.420046 26.1053 0 2018-01-29 00:27:09 88
1517156830.088587938 -1.1698 0.414131 28.7368 0 2018-01-29 00:27:10 88
1517156831.088612385 -1.14169 0.412658 28.7368 0 2018-01-29 00:27:11 88
1517156832.089032779 -1.1417 0.412661 30.4211 0 2018-01-29 00:27:12 88
1517156833.088881492 -1.01776 0.40554 30.4211 0 2018-01-29 00:27:13 88
1517156834.088598691 -0.887574 0.395023 33.8947 0 2018-01-29 00:27:14 88
1517156835.088696525 -0.894593 0.403339 33.8947 0 2018-01-29 00:27:15 88
1517156836.088605448 -0.908779 0.420172 48.4211 0 2018-01-29 00:27:16 88
1517156837.088741200 -0.870804 0.416465 48.4211 0 2018-01-29 00:27:17 88
1517156838.088928515 -0.697354 0.396521 56.2105 0 2018-01-29 00:27:18 88
1517156839.088564775 -0.687248 0.395261 56.2105 0 2018-01-29 00:27:19 88
1517156840.088609795 -0.687252 0.395263 73.0526 0 2018-01-29 00:27:20 88
1517156841.088761693 -0.687258 0.395264 73.0526 0 2018-01-29 00:27:21 88
1517156842.088744108 -0.684096 0.394891 93.7895 0 2018-01-29 00:27:22 88
1517156843.088726887 -0.538539 0.376398 93.7895 0 2018-01-29 00:27:23 88
1517156844.088530286 -0.53541 0.375965 113.263 0 2018-01-29 00:27:24 88
1517156845.088501711 -0.535402 0.375965 113.263 0 2018-01-29 00:27:25 88
1517156846.088928563 -0.535405 0.375966 198.684 0 2018-01-29 00:27:26 88
1517156847.088869310 -0.53365 0.375724 198.684 0 2018-01-29 00:27:27 88
1517156848.088916101 -0.386593 0.328357 186.316 0 2018-01-29 00:27:28 88
1517156849.088912839 -0.380756 0.324772 186.316 0 2018-01-29 00:27:29 88
1517156850.088948848 -0.38071 0.324783 497.895 0 2018-01-29 00:27:30 88
1517156851.088745425 -0.380708 0.324792 497.895 0 2018-01-29 00:27:31 88
1517156852.088602576 -0.381849 0.325458 510.351 0 2018-01-29 00:27:32 88
1517156853.088730358 -0.494497 0.390936 510.351 0 2018-01-29 00:27:33 88
1517156854.088741836 -0.520036 0.405413 503.474 0 2018-01-29 00:27:34 88
1517156855.089012122 -0.491413 0.414252 503.474 0 2018-01-29 00:27:35 88
1517156856.088826199 -0.49141 0.414251 253.947 0 2018-01-29 00:27:36 88
1517156857.088579806 -0.541465 0.444624 253.947 0 2018-01-29 00:27:37 88
1517156858.088709620 -0.608542 0.484247 244.342 0 2018-01-29 00:27:38 88
1517156859.088647137 -0.608575 0.484269 244.342 0 2018-01-29 00:27:39 88
1517156860.088745752 -0.608567 0.484266 130.526 0 2018-01-29 00:27:40 88
1517156861.088597174 -0.608578 0.484272 130.526 0 2018-01-29 00:27:41 88
1517156862.088845324 -0.601477 0.480118 115.263 0 2018-01-29 00:27:42 88
1517156863.089001128 -0.487827 0.385976 115.263 0 2018-01-29 00:27:43 88
1517156864.088908332 -0.425029 0.28963 112.947 0 2018-01-29 00:27:44 88
1517156865.088910956 -0.297909 0.148599 112.947 0 2018-01-29 00:27:45 88
1517156866.088920142 -0.17549 0.0893985 305.263 0 2018-01-29 00:27:46 88
1517156867.088740156 -0.175574 0.0892184 305.263 0 2018-01-29 00:27:47 88
1517156868.088657934 -0.175623 0.0891767 4.21053 0 2018-01-29 00:27:48 88
1517156869.088580867 -0.175625 0.0891616 4.21053 0 2018-01-29 00:27:49 88
1517156870.088663076 -0.175629 0.0891581 4.5614 0 2018-01-29 00:27:50 88
1517156871.088572520 -0.118715 0.0753723 4.5614 0 2018-01-29 00:27:51 88
1517156872.088583893 -0.00254304 0.0477932 5.05263 0 2018-01-29 00:27:52 88
1517156873.088630580 -0.00254671 0.0477886 5.05263 0 2018-01-29 00:27:53 88
1517156874.088946492 -0.00255244 0.0477883 3.89474 0 2018-01-29 00:27:54 88
1517156875.088780257 -0.00255222 0.0477879 3.89474 0 2018-01-29 00:27:55 88
1517156876.088607303 -0.00255221 0.0477877 3.15789 0 2018-01-29 00:27:56 88
1517156877.088555290 -0.00255127 0.0477875 3.15789 0 2018-01-29 00:27:57 88
1517156878.088590414 -0.00255168 0.0477876 2.94737 0 2018-01-29 00:27:58 88
1517156879.088573037 -0.00255166 0.0477876 2.94737 0 2018-01-29 00:27:59 88
1517156880.088668162 -0.0025516 0.0477875 2.73684 0 2018-01-29 00:28:00 88
1517156881.088568231 -0.00255173 0.0477876 2.73684 0 2018-01-29 00:28:01 88
1517156882.088599344 -0.00255156 0.0477875 2.21053 0 2018-01-29 00:28:02 88
1517156883.088593790 -0.00255154 0.0477875 2.21053 0 2018-01-29 00:28:03 88
1517156884.088608080 -0.00255154 0.0477875 2.73684 0 2018-01-29 00:28:04 88
1517156885.088806177 -0.00255154 0.0477875 2.73684 0 2018-01-29 00:28:05 88
1517156886.088586191 -0.00255154 0.0477875 2.31579 0 2018-01-29 00:28:06 88
1517156887.088539490 -0.00255154 0.0477875 2.31579 0 2018-01-29 00:28:07 88
1517156888.088584927 -0.00255154 0.0477875 2.73684 0 2018-01-29 00:28:08 88
1517156889.088552080 -0.00255154 0.0477875 2.73684 0 2018-01-29 00:28:09 88
1517156890.088654915 -0.00255154 0.0477875 2.94737 0 2018-01-29 00:28:10 88
1517156891.088836240 -0.00255154 0.0477875 2.94737 0 2018-01-29 00:28:11 88
1517156892.088576044 -0.00255154 0.0477875 3.05263 0 2018-01-29 00:28:12 88
1517156893.088581689 -0.00255154 0.0477875 3.05263 0 2018-01-29 00:28:13 88
1517156894.088602594 -0.00255154 0.0477875 2.94737 0 2018-01-29 00:28:14 88
1517156895.088685375 -0.00255154 0.0477875 2.94737 0 2018-01-29 00:28:15 88
1517156896.088807949 -0.00255154 0.0477875 2.21053 0 2018-01-29 00:28:16 88
1517156897.088588067 -0.00255154 0.0477875 2.21053 0 2018-01-29 00:28:17 88
1517156898.088590326 -0.00255154 0.0477875 2.63158 0 2018-01-29 00:28:18 88
1517156899.088562115 -0.00255154 0.0477875 2.63158 0 2018-01-29 00:28:19 88
1517156900.088580468 -0.00255154 0.0477875 2.52632 0 2018-01-29 00:28:20 88
1517156901.089109458 -0.00255154 0.0477875 2.52632 0 2018-01-29 00:28:21 88
1517156902.088617329 -0.00255154 0.0477875 2.42105 0 2018-01-29 00:28:22 88
1517156903.088734278 -0.00255154 0.0477875 2.42105 0 2018-01-29 00:28:23 88
1517156904.088596742 -0.00255154 0.0477875 2.21053 0 2018-01-29 00:28:24 88
1517156905.088600876 -0.00255154 0.0477875 2.21053 0 2018-01-29 00:28:25 88
1517156906.088611520 -0.00255154 0.0477875 2.31579 0 2018-01-29 00:28:26 88
1517156907.088580392 -0.00255154 0.0477875 2.31579 0 2018-01-29 00:28:27 88
1517156908.088646611 -0.00255154 0.0477875 1.57895 0 2018-01-29 00:28:28 88
1517156909.088634390 -0.00255154 0.0477875 1.57895 0 2018-01-29 00:28:29 88
1517156910.088554095 -0.00255154 0.0477875 2.31579 0 2018-01-29 00:28:30 88
1517156911.088563124 -0.00255154 0.0477875 2.31579 0 2018-01-29 00:28:31 88
1517156912.088753981 -0.00255154 0.0477875 2.73684 0 2018-01-29 00:28:32 88
1517156913.088867389 -0.00255154 0.0477875 2.73684 0 2018-01-29 00:28:33 88
1517156914.088668184 -0.00255154 0.0477875 2.21053 0 2018-01-29 00:28:34 88
1517156915.088574607 -0.00255154 0.0477875 2.21053 0 2018-01-29 00:28:35 88
1517156916.088658378 -0.00255154 0.0477875 2.42105 0 2018-01-29 00:28:36 88
1517156917.088576833 -0.00255154 0.0477875 2.42105 0 2018-01-29 00:28:37 88
1517156918.088578206 -0.00255154 0.0477875 2.42105 0 2018-01-29 00:28:38 88
1517156919.088571089 -0.00255154 0.0477875 2.42105 0 2018-01-29 00:28:39 88
1517156920.088603244 -0.00255154 0.0477875 1.78947 0 2018-01-29 00:28:40 88
1517156921.088566127 -0.00255154 0.0477875 1.78947 0 2018-01-29 00:28:41 88
1517156922.088589584 -0.00255154 0.0477875 2.10526 0 2018-01-29 00:28:42 88
1517156923.088815755 -0.00255154 0.0477875 2.10526 0 2018-01-29 00:28:43 88
1517156924.088602904 -0.00255154 0.0477875 2.73684 0 2018-01-29 00:28:44 88
1517156925.088564224 -0.00255154 0.0477875 2.73684 0 2018-01-29 00:28:45 88
1517156926.088661433 -0.00255154 0.0477875 3.15789 0 2018-01-29 00:28:46 88
1517156927.088613482 -0.00255154 0.0477875 3.15789 0 2018-01-29 00:28:47 88
1517156928.088566312 -0.00255154 0.0477875 2.52632 0 2018-01-29 00:28:48 88
1517156929.088576957 -0.00255154 0.0477875 2.52632 0 2018-01-29 00:28:49 88
1517156930.088656196 -0.00255154 0.0477875 2.42105 0 2018-01-29 00:28:50 88
1517156931.088637725 -0.00255154 0.0477875 2.42105 0 2018-01-29 00:28:51 88
1517156932.088614723 -0.00255154 0.0477875 2.42105 0 2018-01-29 00:28:52 88
1517156933.088597450 -0.00255154 0.0477875 2.42105 0 2018-01-29 00:28:53 88
1517156934.088596167 -0.00255154 0.0477875 2.10526 0 2018-01-29 00:28:54 88
1517156935.088644364 -0.00255154 0.0477875 2.10526 0 2018-01-29 00:28:55 88
1517156936.088578496 -0.00255154 0.0477875 2.42105 0 2018-01-29 00:28:56 88
1517156937.088567838 -0.00255154 0.0477875 2.42105 0 2018-01-29 00:28:57 88
1517156938.088602702 -0.00255154 0.0477875 2.42105 0 2018-01-29 00:28:58 88
1517156939.088593970 -0.00255154 0.0477875 2.42105 0 2018-01-29 00:28:59 88
1517156940.088578989 -0.00255154 0.0477875 2.63158 0 2018-01-29 00:29:00 88
1517156941.088572289 -0.00255154 0.0477875 2.63158 0 2018-01-29 00:29:01 88
1517156942.088604496 -0.00255154 0.0477875 2.63158 0 2018-01-29 00:29:02 88
1517156943.088560139 -0.00255154 0.0477875 2.63158 0 2018-01-29 00:29:03 88
1517156944.088625577 -0.00255154 0.0477875 2.31579 0 2018-01-29 00:29:04 88
1517156945.088594084 -0.00255154 0.0477875 2.31579 0 2018-01-29 00:29:05 88
1517156946.088602645 -0.00255154 0.0477875 2 0 2018-01-29 00:29:06 88
1517156947.088592456 -0.00255154 0.0477875 2 0 2018-01-29 00:29:07 88
1517156948.088575131 -0.00255154 0.0477875 2.63158 0 2018-01-29 00:29:08 88
1517156949.088943440 -0.00255154 0.0477875 2.63158 0 2018-01-29 00:29:09 88
1517156950.088640014 -0.00255154 0.0477875 2.94737 0 2018-01-29 00:29:10 88
1517156951.088548520 -0.00255154 0.0477875 2.94737 0 2018-01-29 00:29:11 88
1517156952.088602239 -0.00255154 0.0477875 3.26316 0 2018-01-29 00:29:12 88
1517156953.088568611 -0.00255154 0.0477875 3.26316 0 2018-01-29 00:29:13 88
1517156954.088740301 -0.00255154 0.0477875 2.84211 0 2018-01-29 00:29:14 88
1517156955.088978087 -0.00255154 0.0477875 2.84211 0 2018-01-29 00:29:15 88
1517156956.088586742 -0.00255154 0.0477875 3.15789 0 2018-01-29 00:29:16 88
1517156957.088637699 -0.00255154 0.0477875 3.15789 0 2018-01-29 00:29:17 88
1517156958.088587561 -0.00255154 0.0477875 3.15789 0 2018-01-29 00:29:18 88
1517156959.088621591 -0.00255154 0.0477875 3.15789 0 2018-01-29 00:29:19 88
1517156960.088607912 -0.00255154 0.0477875 2.94737 0 2018-01-29 00:29:20 88
1517156961.088584128 -0.00255154 0.0477875 2.94737 0 2018-01-29 00:29:21 88
1517156962.088575137 -0.00255154 0.0477875 2.94737 0 2018-01-29 00:29:22 88
1517156963.088564791 -0.00255154 0.0477875 2.94737 0 2018-01-29 00:29:23 88
1517156964.088657260 -0.00255154 0.0477875 2.31579 0 2018-01-29 00:29:24 88
1517156965.088827544 -0.00255154 0.0477875 2.31579 0 2018-01-29 00:29:25 88
1517156966.088929701 -0.00255154 0.0477875 2.10526 0 2018-01-29 00:29:26 88
1517156967.088576273 -0.00255154 0.0477875 2.10526 0 2018-01-29 00:29:27 88
1517156968.088608116 -0.00255154 0.0477875 1.26316 0 2018-01-29 00:29:28 88
1517156969.088628084 -0.00255154 0.0477875 1.26316 0 2018-01-29 00:29:29 88
1517156970.088635707 -0.00255154 0.0477875 2.31579 0 2018-01-29 00:29:30 88
1517156971.088553120 -0.00255154 0.0477875 2.31579 0 2018-01-29 00:29:31 88
1517156972.088592984 -0.00255154 0.0477875 2.94737 0 2018-01-29 00:29:32 88
1517156973.088603472 -0.00255154 0.0477875 2.94737 0 2018-01-29 00:29:33 88
1517156974.088597970 -0.00255154 0.0477875 2.42105 0 2018-01-29 00:29:34 88
1517156975.088561373 -0.00255154 0.0477875 2.42105 0 2018-01-29 00:29:35 88
1517156976.088607956 -0.00255154 0.0477875 2.84211 0 2018-01-29 00:29:36 88
1517156977.088617715 -0.00255154 0.0477875 2.84211 0 2018-01-29 00:29:37 88
1517156978.088590910 -0.00255154 0.0477875 2.84211 0 2018-01-29 00:29:38 88
1517156979.088883176 -0.00255154 0.0477875 2.84211 0 2018-01-29 00:29:39 88
1517156980.088623345 -0.00255154 0.0477875 2.63158 0 2018-01-29 00:29:40 88
1517156981.088676647 -0.00255154 0.0477875 2.63158 0 2018-01-29 00:29:41 88
1517156982.088614060 -0.00255154 0.0477875 2.31579 0 2018-01-29 00:29:42 88
1517156983.088648351 -0.00255154 0.0477875 2.31579 0 2018-01-29 00:29:43 88
1517156984.088600920 -0.00255154 0.0477875 2.21053 0 2018-01-29 00:29:44 88
1517156985.088654847 -0.00255154 0.0477875 2.21053 0 2018-01-29 00:29:45 88
1517156986.088680283 -0.00255154 0.0477875 2.52632 0 2018-01-29 00:29:46 88
1517156987.088730200 -0.00255154 0.0477875 2.52632 0 2018-01-29 00:29:47 88
1517156988.088607716 -0.00255154 0.0477875 2.94737 0 2018-01-29 00:29:48 88
1517156989.088532108 -0.00255154 0.0477875 2.94737 0 2018-01-29 00:29:49 88
1517156990.088601347 -0.00255154 0.0477875 3.05263 0 2018-01-29 00:29:50 88
1517156991.088816580 -0.00255154 0.0477875 3.05263 0 2018-01-29 00:29:51 88
1517156992.089082856 -0.00255154 0.0477875 2.63158 0 2018-01-29 00:29:52 88
1517156993.088645832 -0.00255154 0.0477875 2.63158 0 2018-01-29 00:29:53 88
1517156994.088654706 -0.00255154 0.0477875 2.52632 0 2018-01-29 00:29:54 88
