#timeStamp px(m) py(m) doseRate(uSv/h)
1517155831.871771639 3.7152e-38 -4.75492e-20 0.842105 0 2018-01-29 00:10:31 871
1517155831.872541294 3.7152e-38 -4.75492e-20 0.842105 0 2018-01-29 00:10:31 872
1517155832.872504489 3.7152e-38 -4.75492e-20 1.26316 0 2018-01-29 00:10:32 872
1517155833.872284607 3.7152e-38 -4.75492e-20 1.26316 0 2018-01-29 00:10:33 872
1517155834.872635677 3.7152e-38 -4.75492e-20 1.15789 0 2018-01-29 00:10:34 872
1517155835.872239957 3.7152e-38 -4.75492e-20 1.15789 0 2018-01-29 00:10:35 872
1517155836.872643319 3.7152e-38 -4.75492e-20 1.47368 0 2018-01-29 00:10:36 872
1517155837.872638546 3.7152e-38 -4.75492e-20 1.47368 0 2018-01-29 00:10:37 872
1517155838.872559084 3.7152e-38 -4.75492e-20 0.947368 0 2018-01-29 00:10:38 872
1517155839.872520092 3.7152e-38 -4.75492e-20 0.947368 0 2018-01-29 00:10:39 872
1517155840.872354690 3.7152e-38 -4.75492e-20 0.631579 0 2018-01-29 00:10:40 872
1517155841.872293301 3.7152e-38 -4.75492e-20 0.631579 0 2018-01-29 00:10:41 872
1517155842.872463272 3.7152e-38 -4.75492e-20 0.210526 0 2018-01-29 00:10:42 872
1517155843.872308131 3.7152e-38 -4.75492e-20 0.210526 0 2018-01-29 00:10:43 872
1517155844.872343516 3.7152e-38 -4.75492e-20 0.736842 0 2018-01-29 00:10:44 872
1517155845.872322180 3.7152e-38 -4.75492e-20 0.736842 0 2018-01-29 00:10:45 872
1517155846.872330012 3.7152e-38 -4.75492e-20 1.05263 0 2018-01-29 00:10:46 872
1517155847.872324979 3.7152e-38 -4.75492e-20 1.05263 0 2018-01-29 00:10:47 872
1517155848.872348488 3.7152e-38 -4.75492e-20 0.947368 0 2018-01-29 00:10:48 872
1517155849.872331319 3.7152e-38 -4.75492e-20 0.947368 0 2018-01-29 00:10:49 872
1517155850.872390142 3.7152e-38 -4.75492e-20 0.421053 0 2018-01-29 00:10:50 872
1517155851.872307086 3.7152e-38 -4.75492e-20 0.421053 0 2018-01-29 00:10:51 872
1517155852.872353512 3.7152e-38 -4.75492e-20 0.842105 0 2018-01-29 00:10:52 872
1517155853.872587235 3.7152e-38 -4.75492e-20 0.842105 0 2018-01-29 00:10:53 872
1517155854.872338862 3.7152e-38 -4.75492e-20 0.842105 0 2018-01-29 00:10:54 872
1517155855.872315495 3.7152e-38 -4.75492e-20 0.842105 0 2018-01-29 00:10:55 872
1517155856.872404839 3.7152e-38 -4.75492e-20 0.631579 0 2018-01-29 00:10:56 872
1517155857.872416369 3.7152e-38 -4.75492e-20 0.631579 0 2018-01-29 00:10:57 872
1517155858.872745563 3.7152e-38 -4.75492e-20 0.315789 0 2018-01-29 00:10:58 872
1517155859.872318436 3.7152e-38 -4.75492e-20 0.315789 0 2018-01-29 00:10:59 872
1517155860.872341945 3.7152e-38 -4.75492e-20 0.315789 0 2018-01-29 00:11:00 872
1517155861.872316443 3.7152e-38 -4.75492e-20 0.315789 0 2018-01-29 00:11:01 872
1517155862.872328910 3.7152e-38 -4.75492e-20 0.421053 0 2018-01-29 00:11:02 872
1517155863.872323408 3.7152e-38 -4.75492e-20 0.421053 0 2018-01-29 00:11:03 872
1517155864.872351136 3.7152e-38 -4.75492e-20 0.526316 0 2018-01-29 00:11:04 872
1517155865.872321467 3.7152e-38 -4.75492e-20 0.526316 0 2018-01-29 00:11:05 872
1517155866.872335497 3.7152e-38 -4.75492e-20 0.526316 0 2018-01-29 00:11:06 872
1517155867.872312703 3.7152e-38 -4.75492e-20 0.526316 0 2018-01-29 00:11:07 872
1517155868.872333347 3.7152e-38 -4.75492e-20 0.736842 0 2018-01-29 00:11:08 872
1517155869.872321856 3.7152e-38 -4.75492e-20 0.736842 0 2018-01-29 00:11:09 872
1517155870.872304582 3.7152e-38 -4.75492e-20 1.05263 0 2018-01-29 00:11:10 872
1517155871.872308091 3.7152e-38 -4.75492e-20 1.05263 0 2018-01-29 00:11:11 872
1517155872.872329621 3.7152e-38 -4.75492e-20 0.842105 0 2018-01-29 00:11:12 872
1517155873.872300421 3.7152e-38 -4.75492e-20 0.842105 0 2018-01-29 00:11:13 872
1517155874.872336014 3.7152e-38 -4.75492e-20 0.421053 0 2018-01-29 00:11:14 872
1517155875.872323011 3.7152e-38 -4.75492e-20 0.421053 0 2018-01-29 00:11:15 872
1517155876.872336781 3.7152e-38 -4.75492e-20 0.631579 0 2018-01-29 00:11:16 872
1517155877.872383051 3.7152e-38 -4.75492e-20 0.631579 0 2018-01-29 00:11:17 872
1517155878.872330360 3.7152e-38 -4.75492e-20 0.947368 0 2018-01-29 00:11:18 872
1517155879.872322983 3.7152e-38 -4.75492e-20 0.947368 0 2018-01-29 00:11:19 872
1517155880.872345347 3.7152e-38 -4.75492e-20 1.05263 0 2018-01-29 00:11:20 872
1517155881.872407763 3.7152e-38 -4.75492e-20 1.05263 0 2018-01-29 00:11:21 872
1517155882.872327311 3.7152e-38 -4.75492e-20 0.842105 0 2018-01-29 00:11:22 872
1517155883.872305872 3.7152e-38 -4.75492e-20 0.842105 0 2018-01-29 00:11:23 872
1517155884.872345579 3.7152e-38 -4.75492e-20 1.15789 0 2018-01-29 00:11:24 872
1517155885.872326743 3.7152e-38 -4.75492e-20 1.15789 0 2018-01-29 00:11:25 872
1517155886.872329783 3.7152e-38 -4.75492e-20 1.05263 0 2018-01-29 00:11:26 872
1517155887.872310323 3.7152e-38 -4.75492e-20 1.05263 0 2018-01-29 00:11:27 872
1517155888.872334665 3.7152e-38 -4.75492e-20 0.526316 0 2018-01-29 00:11:28 872
1517155889.872349216 3.7152e-38 -4.75492e-20 0.526316 0 2018-01-29 00:11:29 872
1517155890.872627784 3.7152e-38 -4.75492e-20 0.210526 0 2018-01-29 00:11:30 872
1517155891.872321962 3.7152e-38 -4.75492e-20 0.210526 0 2018-01-29 00:11:31 872
1517155892.872330210 3.7152e-38 -4.75492e-20 0.421053 0 2018-01-29 00:11:32 872
1517155893.872388772 3.7152e-38 -4.75492e-20 0.421053 0 2018-01-29 00:11:33 872
1517155894.872365770 3.7152e-38 -4.75492e-20 0.526316 0 2018-01-29 00:11:34 872
1517155895.872339642 3.7152e-38 -4.75492e-20 0.526316 0 2018-01-29 00:11:35 872
1517155896.872339036 3.7152e-38 -4.75492e-20 0.526316 0 2018-01-29 00:11:36 872
1517155897.872325045 3.7152e-38 -4.75492e-20 0.526316 0 2018-01-29 00:11:37 872
1517155898.872341314 3.7152e-38 -4.75492e-20 0.526316 0 2018-01-29 00:11:38 872
1517155899.872304718 3.7152e-38 -4.75492e-20 0.526316 0 2018-01-29 00:11:39 872
1517155900.872498544 3.7152e-38 -4.75492e-20 0.736842 0 2018-01-29 00:11:40 872
1517155901.872322985 3.7152e-38 -4.75492e-20 0.736842 0 2018-01-29 00:11:41 872
1517155902.872333109 3.7152e-38 -4.75492e-20 0.631579 0 2018-01-29 00:11:42 872
1517155903.872304898 3.7152e-38 -4.75492e-20 0.631579 0 2018-01-29 00:11:43 872
1517155904.872342678 3.7152e-38 -4.75492e-20 0.631579 0 2018-01-29 00:11:44 872
1517155905.872338843 3.7152e-38 -4.75492e-20 0.631579 0 2018-01-29 00:11:45 872
1517155906.872348029 3.7152e-38 -4.75492e-20 0.631579 0 2018-01-29 00:11:46 872
1517155907.872321433 3.7152e-38 -4.75492e-20 0.631579 0 2018-01-29 00:11:47 872
1517155908.872417704 3.7152e-38 -4.75492e-20 0.631579 0 2018-01-29 00:11:48 872
1517155909.872298397 3.7152e-38 -4.75492e-20 0.631579 0 2018-01-29 00:11:49 872
1517155910.873010934 3.7152e-38 -4.75492e-20 0.421053 0 2018-01-29 00:11:50 872
1517155911.872304060 3.7152e-38 -4.75492e-20 0.421053 0 2018-01-29 00:11:51 872
1517155912.872350070 3.7152e-38 -4.75492e-20 0.526316 0 2018-01-29 00:11:52 872
1517155913.872312797 3.7152e-38 -4.75492e-20 0.526316 0 2018-01-29 00:11:53 872
1517155914.872332035 3.7152e-38 -4.75492e-20 0.526316 0 2018-01-29 00:11:54 872
1517155915.872304137 3.7152e-38 -4.75492e-20 0.526316 0 2018-01-29 00:11:55 872
1517155916.872334000 3.7152e-38 -4.75492e-20 0.631579 0 2018-01-29 00:11:56 872
1517155917.873243052 3.7152e-38 -4.75492e-20 0.631579 0 2018-01-29 00:11:57 872
1517155918.872341695 3.7152e-38 -4.75492e-20 0.631579 0 2018-01-29 00:11:58 872
1517155919.872293327 3.7152e-38 -4.75492e-20 0.631579 0 2018-01-29 00:11:59 872
1517155920.872345379 3.7152e-38 -4.75492e-20 0.421053 0 2018-01-29 00:12:00 872
1517155921.872322012 3.7152e-38 -4.75492e-20 0.421053 0 2018-01-29 00:12:01 872
1517155922.872829960 3.7152e-38 -4.75492e-20 0.842105 0 2018-01-29 00:12:02 872
1517155923.872316841 3.7152e-38 -4.75492e-20 0.842105 0 2018-01-29 00:12:03 872
1517155924.872332642 3.7152e-38 -4.75492e-20 0.842105 0 2018-01-29 00:12:04 872
1517155925.872502353 3.7152e-38 -4.75492e-20 0.842105 0 2018-01-29 00:12:05 872
1517155926.872360910 3.7152e-38 -4.75492e-20 0.631579 0 2018-01-29 00:12:06 872
1517155927.872336709 3.7152e-38 -4.75492e-20 0.631579 0 2018-01-29 00:12:07 872
1517155928.872347093 3.7152e-38 -4.75492e-20 0.842105 0 2018-01-29 00:12:08 872
1517155929.872309247 3.7152e-38 -4.75492e-20 0.842105 0 2018-01-29 00:12:09 872
1517155930.872417967 3.7152e-38 -4.75492e-20 1.26316 0 2018-01-29 00:12:10 872
1517155931.873629110 3.7152e-38 -4.75492e-20 1.26316 0 2018-01-29 00:12:11 873
1517155932.872324825 3.7152e-38 -4.75492e-20 1.36842 0 2018-01-29 00:12:12 872
1517155933.872532974 3.7152e-38 -4.75492e-20 1.36842 0 2018-01-29 00:12:13 872
1517155934.872464971 3.7152e-38 -4.75492e-20 1.05263 0 2018-01-29 00:12:14 872
1517155935.872305923 3.7152e-38 -4.75492e-20 1.05263 0 2018-01-29 00:12:15 872
1517155936.872345058 3.7152e-38 -4.75492e-20 0.631579 0 2018-01-29 00:12:16 872
1517155937.872305753 3.7152e-38 -4.75492e-20 0.631579 0 2018-01-29 00:12:17 872
1517155938.872333169 3.7152e-38 -4.75492e-20 0.210526 0 2018-01-29 00:12:18 872
1517155939.872310270 3.7152e-38 -4.75492e-20 0.210526 0 2018-01-29 00:12:19 872
1517155940.872324457 3.7152e-38 -4.75492e-20 0.210526 0 2018-01-29 00:12:20 872
1517155941.872303590 3.7152e-38 -4.75492e-20 0.210526 0 2018-01-29 00:12:21 872
1517155942.872331318 3.7152e-38 -4.75492e-20 0.526316 0 2018-01-29 00:12:22 872
1517155943.872302378 3.7152e-38 -4.75492e-20 0.526316 0 2018-01-29 00:12:23 872
1517155944.872553757 3.7152e-38 -4.75492e-20 1.05263 0 2018-01-29 00:12:24 872
1517155945.872315020 3.7152e-38 -4.75492e-20 1.05263 0 2018-01-29 00:12:25 872
1517155946.872349780 3.7152e-38 -4.75492e-20 0.842105 0 2018-01-29 00:12:26 872
1517155947.872306256 3.7152e-38 -4.75492e-20 0.842105 0 2018-01-29 00:12:27 872
1517155948.872567844 3.7152e-38 -4.75492e-20 0.842105 0 2018-01-29 00:12:28 872
1517155949.872319107 3.7152e-38 -4.75492e-20 0.842105 0 2018-01-29 00:12:29 872
1517155950.872415691 3.7152e-38 -4.75492e-20 0.947368 0 2018-01-29 00:12:30 872
1517155951.872303467 3.7152e-38 -4.75492e-20 0.947368 0 2018-01-29 00:12:31 872
1517155952.872283121 3.7152e-38 -4.75492e-20 1.05263 0 2018-01-29 00:12:32 872
1517155953.872309495 3.7152e-38 -4.75492e-20 1.05263 0 2018-01-29 00:12:33 872
1517155954.872358370 3.7152e-38 -4.75492e-20 0.842105 0 2018-01-29 00:12:34 872
1517155955.872741263 3.7152e-38 -4.75492e-20 0.842105 0 2018-01-29 00:12:35 872
1517155956.872323042 3.7152e-38 -4.75492e-20 0.736842 0 2018-01-29 00:12:36 872
1517155957.872331603 3.7152e-38 -4.75492e-20 0.736842 0 2018-01-29 00:12:37 872
1517155958.872349227 3.7152e-38 -4.75492e-20 0.736842 0 2018-01-29 00:12:38 872
1517155959.872300963 3.7152e-38 -4.75492e-20 0.736842 0 2018-01-29 00:12:39 872
1517155960.872336035 3.7152e-38 -4.75492e-20 0.842105 0 2018-01-29 00:12:40 872
1517155961.872315481 3.7152e-38 -4.75492e-20 0.842105 0 2018-01-29 00:12:41 872
1517155962.872335240 3.7152e-38 -4.75492e-20 1.05263 0 2018-01-29 00:12:42 872
1517155963.872303748 3.7152e-38 -4.75492e-20 1.05263 0 2018-01-29 00:12:43 872
1517155964.872329653 3.7152e-38 -4.75492e-20 0.947368 0 2018-01-29 00:12:44 872
1517155965.872295400 3.7152e-38 -4.75492e-20 0.947368 0 2018-01-29 00:12:45 872
1517155966.872350212 3.7152e-38 -4.75492e-20 0.947368 0 2018-01-29 00:12:46 872
1517155967.872326637 3.7152e-38 -4.75492e-20 0.947368 0 2018-01-29 00:12:47 872
1517155968.872332125 3.7152e-38 -4.75492e-20 0.315789 0 2018-01-29 00:12:48 872
1517155969.872309227 3.7152e-38 -4.75492e-20 0.315789 0 2018-01-29 00:12:49 872
1517155970.872655452 3.7152e-38 -4.75492e-20 0.526316 0 2018-01-29 00:12:50 872
1517155971.872400100 3.7152e-38 -4.75492e-20 0.526316 0 2018-01-29 00:12:51 872
1517155972.872324805 3.7152e-38 -4.75492e-20 0.631579 0 2018-01-29 00:12:52 872
1517155973.872307063 3.7152e-38 -4.75492e-20 0.631579 0 2018-01-29 00:12:53 872
1517155974.872335937 3.7152e-38 -4.75492e-20 0.736842 0 2018-01-29 00:12:54 872
1517155975.872310018 3.7152e-38 -4.75492e-20 0.736842 0 2018-01-29 00:12:55 872
1517155976.872359257 3.7152e-38 -4.75492e-20 0.842105 0 2018-01-29 00:12:56 872
1517155977.872279847 3.7152e-38 -4.75492e-20 0.842105 0 2018-01-29 00:12:57 872
1517155978.872508882 0.0263456 -0.00038957 0.736842 0 2018-01-29 00:12:58 872
1517155979.872451973 0.127329 -0.00149937 0.736842 0 2018-01-29 00:12:59 872
1517155980.872425949 0.235942 0.0061214 0.631579 0 2018-01-29 00:13:00 872
1517155981.872587847 0.293733 0.0487046 0.631579 0 2018-01-29 00:13:01 872
1517155982.872665889 0.332784 0.176889 0.631579 0 2018-01-29 00:13:02 872
1517155983.872414392 0.394033 0.252527 0.631579 0 2018-01-29 00:13:03 872
1517155984.872428421 0.458362 0.330371 0.736842 0 2018-01-29 00:13:04 872
1517155985.872403544 0.523541 0.406944 0.736842 0 2018-01-29 00:13:05 872
1517155986.872426845 0.596024 0.481569 0.842105 0 2018-01-29 00:13:06 872
1517155987.872581555 0.671521 0.530171 0.842105 0 2018-01-29 00:13:07 872
1517155988.872332766 0.751613 0.555756 0.842105 0 2018-01-29 00:13:08 872
1517155989.872302524 0.798949 0.649693 0.842105 0 2018-01-29 00:13:09 872
1517155990.872328898 0.800268 0.685946 0.631579 0 2018-01-29 00:13:10 872
1517155991.872324802 0.882033 0.74053 0.631579 0 2018-01-29 00:13:11 872
1517155992.872534826 0.938992 0.756251 0.631579 0 2018-01-29 00:13:12 872
1517155993.872296193 1.03491 0.779471 0.631579 0 2018-01-29 00:13:13 872
1517155994.872340641 1.11024 0.794898 0.526316 0 2018-01-29 00:13:14 872
1517155995.872322118 1.19633 0.785817 0.526316 0 2018-01-29 00:13:15 872
1517155996.872315053 1.29632 0.772159 0.526316 0 2018-01-29 00:13:16 872
1517155997.872306530 1.39654 0.756351 0.526316 0 2018-01-29 00:13:17 872
1517155998.872556347 1.50115 0.740797 0.526316 0 2018-01-29 00:13:18 872
1517155999.872917104 1.57231 0.749884 0.526316 0 2018-01-29 00:13:19 872
1517156000.872666128 1.74474 0.7832 0.526316 0 2018-01-29 00:13:20 872
1517156001.872335201 1.84427 0.794691 0.526316 0 2018-01-29 00:13:21 872
1517156002.872400274 1.94415 0.804682 0.842105 0 2018-01-29 00:13:22 872
1517156003.872310134 2.04671 0.813432 0.842105 0 2018-01-29 00:13:23 872
1517156004.872321195 2.14213 0.820032 0.631579 0 2018-01-29 00:13:24 872
1517156005.872321318 2.24274 0.824031 0.631579 0 2018-01-29 00:13:25 872
1517156006.872343629 2.3444 0.826786 0.315789 0 2018-01-29 00:13:26 872
1517156007.872306773 2.46931 0.832113 0.315789 0 2018-01-29 00:13:27 872
1517156008.872332417 2.57048 0.82848 0.315789 0 2018-01-29 00:13:28 872
1517156009.872457335 2.6699 0.824255 0.315789 0 2018-01-29 00:13:29 872
1517156010.872466469 2.76968 0.818733 0.210526 0 2018-01-29 00:13:30 872
1517156011.872323151 2.86999 0.811612 0.210526 0 2018-01-29 00:13:31 872
1517156012.872334264 2.96848 0.803178 0.210526 0 2018-01-29 00:13:32 872
1517156013.872361940 3.04078 0.782013 0.210526 0 2018-01-29 00:13:33 872
1517156014.872335709 3.08447 0.791737 0.210526 0 2018-01-29 00:13:34 872
1517156015.872517972 3.17106 0.749222 0.210526 0 2018-01-29 00:13:35 872
1517156016.872350851 3.26107 0.702394 0.315789 0 2018-01-29 00:13:36 872
1517156017.872312015 3.3497 0.65296 0.315789 0 2018-01-29 00:13:37 872
1517156018.872326305 3.43672 0.603925 1.15789 0 2018-01-29 00:13:38 872
1517156019.872312991 3.52471 0.553191 1.15789 0 2018-01-29 00:13:39 872
1517156020.872384314 3.61274 0.500263 2.10526 0 2018-01-29 00:13:40 872
1517156021.872684080 3.6825 0.46034 2.10526 0 2018-01-29 00:13:41 872
1517156022.872569408 3.76616 0.404334 3.05263 0 2018-01-29 00:13:42 872
1517156023.872304004 3.84661 0.347446 3.05263 0 2018-01-29 00:13:43 872
1517156024.872340066 3.92448 0.288576 3.05263 0 2018-01-29 00:13:44 872
1517156025.872329511 4.00295 0.226686 3.05263 0 2018-01-29 00:13:45 872
1517156026.872334583 4.05526 0.176384 2.73684 0 2018-01-29 00:13:46 872
1517156027.872309341 4.10948 0.100447 2.73684 0 2018-01-29 00:13:47 872
1517156028.872342538 4.15398 0.00568967 2.84211 0 2018-01-29 00:13:48 872
1517156029.872305264 4.14656 -0.0686984 2.84211 0 2018-01-29 00:13:49 872
1517156030.872317888 4.15087 -0.170419 3.15789 0 2018-01-29 00:13:50 872
1517156031.872322282 4.15248 -0.268974 3.15789 0 2018-01-29 00:13:51 872
1517156032.872328186 4.15128 -0.372274 3.47368 0 2018-01-29 00:13:52 872
1517156033.872308049 4.14795 -0.473684 3.47368 0 2018-01-29 00:13:53 872
1517156034.872621200 4.15338 -0.548524 3.47368 0 2018-01-29 00:13:54 872
1517156035.872307826 4.18645 -0.652844 3.47368 0 2018-01-29 00:13:55 872
1517156036.872403577 4.21819 -0.746107 3.26316 0 2018-01-29 00:13:56 872
1517156037.872306406 4.25003 -0.845781 3.26316 0 2018-01-29 00:13:57 872
1517156038.872329030 4.25562 -0.922946 2.42105 0 2018-01-29 00:13:58 872
1517156039.872313736 4.25573 -1.02676 2.42105 0 2018-01-29 00:13:59 872
1517156040.872326724 4.25219 -1.12749 2.73684 0 2018-01-29 00:14:00 872
1517156041.872307576 4.24647 -1.23092 2.73684 0 2018-01-29 00:14:01 872
1517156042.872663125 4.21867 -1.31934 2.42105 0 2018-01-29 00:14:02 872
1517156043.872338083 4.20482 -1.42034 2.42105 0 2018-01-29 00:14:03 872
1517156044.872345290 4.18865 -1.51803 2.42105 0 2018-01-29 00:14:04 872
1517156045.872305412 4.17346 -1.62389 2.42105 0 2018-01-29 00:14:05 872
1517156046.872323192 4.18062 -1.69959 2.10526 0 2018-01-29 00:14:06 872
1517156047.872316440 4.19305 -1.79714 2.10526 0 2018-01-29 00:14:07 872
1517156048.872333647 4.20478 -1.89775 2 0 2018-01-29 00:14:08 872
1517156049.872310124 4.21522 -1.99749 2 0 2018-01-29 00:14:09 872
1517156050.872341706 4.26517 -2.12545 1.05263 0 2018-01-29 00:14:10 872
1517156051.872339381 4.27612 -2.22406 1.05263 0 2018-01-29 00:14:11 872
1517156052.872348099 4.28625 -2.32069 0.526316 0 2018-01-29 00:14:12 872
1517156053.872316554 4.29559 -2.42276 0.526316 0 2018-01-29 00:14:13 872
1517156054.872348397 4.30389 -2.52177 0.210526 0 2018-01-29 00:14:14 872
1517156055.872303311 4.311 -2.62164 0.210526 0 2018-01-29 00:14:15 872
1517156056.872324320 4.31659 -2.72289 0.315789 0 2018-01-29 00:14:16 872
1517156057.872322203 4.3276 -2.81003 0.315789 0 2018-01-29 00:14:17 872
1517156058.872342275 4.32875 -2.91175 0.315789 0 2018-01-29 00:14:18 872
1517156059.872308127 4.32876 -3.00528 0.315789 0 2018-01-29 00:14:19 872
1517156060.872333615 4.32868 -3.01285 0.210526 0 2018-01-29 00:14:20 872
1517156061.872311758 4.32869 -3.01282 0.210526 0 2018-01-29 00:14:21 872
1517156062.872334903 4.32869 -3.01282 0.210526 0 2018-01-29 00:14:22 872
1517156063.872324036 4.32869 -3.01283 0.210526 0 2018-01-29 00:14:23 872
1517156064.872340514 4.32779 -3.08723 0.105263 0 2018-01-29 00:14:24 872
1517156065.872322824 4.32698 -3.12354 0.105263 0 2018-01-29 00:14:25 872
1517156066.872334563 4.3257 -3.16625 0.210526 0 2018-01-29 00:14:26 872
1517156067.872302133 4.3255 -3.17105 0.210526 0 2018-01-29 00:14:27 872
1517156068.872571013 4.32432 -3.20009 0.315789 0 2018-01-29 00:14:28 872
1517156069.872630252 4.32367 -3.2147 0.315789 0 2018-01-29 00:14:29 872
1517156070.872528654 4.32367 -3.2147 0.210526 0 2018-01-29 00:14:30 872
1517156071.872307626 4.32136 -3.2635 0.210526 0 2018-01-29 00:14:31 872
1517156072.872399730 4.31508 -3.36533 0.105263 0 2018-01-29 00:14:32 872
1517156073.872520794 4.31701 -3.46744 0.105263 0 2018-01-29 00:14:33 872
1517156074.872324350 4.30468 -3.56398 0.210526 0 2018-01-29 00:14:34 872
1517156075.872310358 4.29081 -3.66062 0.210526 0 2018-01-29 00:14:35 872
1517156076.872334076 4.27444 -3.76161 0.315789 0 2018-01-29 00:14:36 872
1517156077.872588059 4.25769 -3.85838 0.315789 0 2018-01-29 00:14:37 872
1517156078.872348541 4.23989 -3.9531 0.315789 0 2018-01-29 00:14:38 872
1517156079.872320382 4.21913 -4.05242 0.315789 0 2018-01-29 00:14:39 872
1517156080.872346808 4.21492 -4.15594 0.210526 0 2018-01-29 00:14:40 872
1517156081.872298180 4.18713 -4.25478 0.210526 0 2018-01-29 00:14:41 872
1517156082.872320492 4.1578 -4.35246 0.105263 0 2018-01-29 00:14:42 872
1517156083.872302437 4.12399 -4.43765 0.105263 0 2018-01-29 00:14:43 872
1517156084.872471263 4.072 -4.51178 0.105263 0 2018-01-29 00:14:44 872
1517156085.872319142 3.98947 -4.56505 0.105263 0 2018-01-29 00:14:45 872
1517156086.872350568 3.91028 -4.57563 0.105263 0 2018-01-29 00:14:46 872
1517156087.872313816 3.84469 -4.58878 0.105263 0 2018-01-29 00:14:47 872
1517156088.872327168 3.74374 -4.60151 0.315789 0 2018-01-29 00:14:48 872
1517156089.872709020 3.64855 -4.6088 0.315789 0 2018-01-29 00:14:49 872
1517156090.872331477 3.54777 -4.6137 0.421053 0 2018-01-29 00:14:50 872
1517156091.872311756 3.47332 -4.61634 0.421053 0 2018-01-29 00:14:51 872
1517156092.872317817 3.38348 -4.61893 0.315789 0 2018-01-29 00:14:52 872
1517156093.873008062 3.28081 -4.61985 0.315789 0 2018-01-29 00:14:53 872
1517156094.872403378 3.27496 -4.61765 0.105263 0 2018-01-29 00:14:54 872
1517156095.872614028 3.27495 -4.61765 0.105263 0 2018-01-29 00:14:55 872
1517156096.872401541 3.27496 -4.61765 0.210526 0 2018-01-29 00:14:56 872
1517156097.872300985 3.27495 -4.61765 0.210526 0 2018-01-29 00:14:57 872
1517156098.872333609 3.26877 -4.61753 0.105263 0 2018-01-29 00:14:58 872
1517156099.872318263 3.11913 -4.61218 0.105263 0 2018-01-29 00:14:59 872
1517156100.872400524 2.95113 -4.60073 0.315789 0 2018-01-29 00:15:00 872
1517156101.872308092 2.70509 -4.57643 0.315789 0 2018-01-29 00:15:01 872
1517156102.872583639 2.69524 -4.57519 0.210526 0 2018-01-29 00:15:02 872
1517156103.872247660 2.63738 -4.568 0.210526 0 2018-01-29 00:15:03 872
1517156104.872402996 2.35503 -4.53415 0.315789 0 2018-01-29 00:15:04 872
1517156105.872326867 2.08009 -4.46842 0.315789 0 2018-01-29 00:15:05 872
1517156106.872341938 1.79882 -4.395 0.315789 0 2018-01-29 00:15:06 872
1517156107.872332895 1.50872 -4.33355 0.315789 0 2018-01-29 00:15:07 872
1517156108.872337028 1.22976 -4.25166 0.315789 0 2018-01-29 00:15:08 872
1517156109.872310745 1.04812 -4.20324 0.315789 0 2018-01-29 00:15:09 872
1517156110.872326181 0.76906 -4.12067 0.105263 0 2018-01-29 00:15:10 872
1517156111.872307918 0.499755 -4.03527 0.105263 0 2018-01-29 00:15:11 872
1517156112.872329761 0.242617 -3.94822 0.105263 0 2018-01-29 00:15:12 872
1517156113.872300248 -0.0274384 -3.8418 0.105263 0 2018-01-29 00:15:13 872
1517156114.872405217 -0.280115 -3.75626 0.315789 0 2018-01-29 00:15:14 872
1517156115.872325234 -0.540175 -3.64588 0.315789 0 2018-01-29 00:15:15 872
1517156116.872595052 -0.803698 -3.57613 0.315789 0 2018-01-29 00:15:16 872
1517156117.872322303 -1.09427 -3.64271 0.315789 0 2018-01-29 00:15:17 872
1517156118.872327375 -1.35869 -3.76637 0.315789 0 2018-01-29 00:15:18 872
1517156119.872307966 -1.58852 -3.94898 0.315789 0 2018-01-29 00:15:19 872
1517156120.872414915 -1.71762 -4.21263 0.315789 0 2018-01-29 00:15:20 872
1517156121.872451810 -1.74019 -4.50135 0.315789 0 2018-01-29 00:15:21 872
1517156122.872328076 -1.62729 -4.80541 0.631579 0 2018-01-29 00:15:22 872
1517156123.872309709 -1.47374 -5.04195 0.631579 0 2018-01-29 00:15:23 872
1517156124.872346239 -1.16726 -5.19374 0.631579 0 2018-01-29 00:15:24 872
1517156125.872306049 -0.889667 -5.27412 0.631579 0 2018-01-29 00:15:25 872
1517156126.872345704 -0.626138 -5.20556 0.421053 0 2018-01-29 00:15:26 872
1517156127.872347703 -0.35778 -5.09318 0.421053 0 2018-01-29 00:15:27 872
1517156128.872772420 -0.155796 -4.83306 0.421053 0 2018-01-29 00:15:28 872
1517156129.872312636 -0.0248882 -4.57252 0.421053 0 2018-01-29 00:15:29 872
1517156130.872408855 0.047935 -4.29544 0.210526 0 2018-01-29 00:15:30 872
1517156131.872325226 0.024099 -4.07246 0.210526 0 2018-01-29 00:15:31 872
1517156132.872703901 0.00415424 -3.81365 0.526316 0 2018-01-29 00:15:32 872
1517156133.872306774 0.0142617 -3.55062 0.526316 0 2018-01-29 00:15:33 872
1517156134.872420806 0.186433 -3.32688 0.421053 0 2018-01-29 00:15:34 872
1517156135.872324729 0.473234 -3.22166 0.421053 0 2018-01-29 00:15:35 872
1517156136.872462564 0.761807 -3.20259 0.210526 0 2018-01-29 00:15:36 872
1517156137.872324976 1.03245 -3.32341 0.210526 0 2018-01-29 00:15:37 872
1517156138.872341349 1.26561 -3.45323 0.210526 0 2018-01-29 00:15:38 872
1517156139.872494497 1.5072 -3.6109 0.210526 0 2018-01-29 00:15:39 872
1517156140.872339096 1.71644 -3.77383 0.105263 0 2018-01-29 00:15:40 872
1517156141.872367761 1.9619 -3.8736 0.105263 0 2018-01-29 00:15:41 872
1517156142.872348926 2.16344 -3.91338 0.105263 0 2018-01-29 00:15:42 872
1517156143.872309464 2.41213 -4.03168 0.105263 0 2018-01-29 00:15:43 872
1517156144.872369068 2.66699 -4.16639 0.105263 0 2018-01-29 00:15:44 872
1517156145.872311846 2.90422 -4.31578 0.105263 0 2018-01-29 00:15:45 872
1517156146.872418066 3.1446 -4.46979 0.210526 0 2018-01-29 00:15:46 872
1517156147.872579912 3.29715 -4.54204 0.210526 0 2018-01-29 00:15:47 872
1517156148.872335185 3.50232 -4.59364 0.315789 0 2018-01-29 00:15:48 872
1517156149.872318798 3.55428 -4.60296 0.315789 0 2018-01-29 00:15:49 872
1517156150.872359391 3.55422 -4.60303 0.315789 0 2018-01-29 00:15:50 872
1517156151.872307950 3.55422 -4.60305 0.315789 0 2018-01-29 00:15:51 872
1517156152.872328647 3.55421 -4.60306 0.105263 0 2018-01-29 00:15:52 872
1517156153.872324134 3.55422 -4.60306 0.105263 0 2018-01-29 00:15:53 872
1517156154.872333008 3.55422 -4.60306 0.105263 0 2018-01-29 00:15:54 872
1517156155.872301307 3.55421 -4.60306 0.105263 0 2018-01-29 00:15:55 872
1517156156.872316587 3.55422 -4.60306 0 0 2018-01-29 00:15:56 872
1517156157.872313585 3.66438 -4.6137 0 0 2018-01-29 00:15:57 872
1517156158.872295791 3.81266 -4.59947 0 0 2018-01-29 00:15:58 872
1517156159.872310498 3.94672 -4.52364 0 0 2018-01-29 00:15:59 872
1517156160.872890844 4.00464 -4.41095 0.105263 0 2018-01-29 00:16:00 872
1517156161.872247566 4.00373 -4.40239 0.105263 0 2018-01-29 00:16:01 872
1517156162.872778848 3.97904 -4.37512 0.105263 0 2018-01-29 00:16:02 872
1517156163.872642718 3.97905 -4.37513 0.105263 0 2018-01-29 00:16:03 872
1517156164.872809877 3.98993 -4.35386 0.105263 0 2018-01-29 00:16:04 872
1517156165.872603015 4.03149 -4.26825 0.105263 0 2018-01-29 00:16:05 872
1517156166.872619389 4.04956 -4.17677 0.105263 0 2018-01-29 00:16:06 872
1517156167.872610970 4.05772 -4.08226 0.105263 0 2018-01-29 00:16:07 872
1517156168.872260772 4.06587 -3.98415 0.105263 0 2018-01-29 00:16:08 872
1517156169.872614342 4.07511 -3.88611 0.105263 0 2018-01-29 00:16:09 872
1517156170.872980568 4.08698 -3.78326 0.210526 0 2018-01-29 00:16:10 872
1517156171.872602400 4.09976 -3.6841 0.210526 0 2018-01-29 00:16:11 872
1517156172.872513823 4.07246 -3.59805 0.210526 0 2018-01-29 00:16:12 872
1517156173.872321390 4.0919 -3.49645 0.210526 0 2018-01-29 00:16:13 872
1517156174.872488340 4.12263 -3.40487 0.105263 0 2018-01-29 00:16:14 872
1517156175.872386429 4.17021 -3.33713 0.105263 0 2018-01-29 00:16:15 872
1517156176.872330301 4.23908 -3.26024 0.210526 0 2018-01-29 00:16:16 872
1517156177.872307716 4.29634 -3.20118 0.210526 0 2018-01-29 00:16:17 872
1517156178.872891135 4.33866 -3.1535 0.105263 0 2018-01-29 00:16:18 872
1517156179.872546822 4.41386 -3.09 0.105263 0 2018-01-29 00:16:19 872
1517156180.872328711 4.4333 -3.02361 0.421053 0 2018-01-29 00:16:20 872
1517156181.872404513 4.4381 -2.93564 0.421053 0 2018-01-29 00:16:21 872
1517156182.872330624 4.39575 -2.81712 0.421053 0 2018-01-29 00:16:22 872
1517156183.872319236 4.39747 -2.72045 0.421053 0 2018-01-29 00:16:23 872
1517156184.872434258 4.40052 -2.61686 0.105263 0 2018-01-29 00:16:24 872
1517156185.872311878 4.40393 -2.51907 0.105263 0 2018-01-29 00:16:25 872
1517156186.872334085 4.40873 -2.42084 0.105263 0 2018-01-29 00:16:26 872
1517156187.872306500 4.41636 -2.3187 0.105263 0 2018-01-29 00:16:27 872
1517156188.872329696 4.42485 -2.22178 0.105263 0 2018-01-29 00:16:28 872
1517156189.872292318 4.42267 -2.11911 0.105263 0 2018-01-29 00:16:29 872
1517156190.872353224 4.43701 -2.02247 0.210526 0 2018-01-29 00:16:30 872
1517156191.872337670 4.45277 -1.92382 0.210526 0 2018-01-29 00:16:31 872
1517156192.872320449 4.4578 -1.86978 0.315789 0 2018-01-29 00:16:32 872
1517156193.872332187 4.4625 -1.76973 0.315789 0 2018-01-29 00:16:33 872
1517156194.872416635 4.46942 -1.66893 0.736842 0 2018-01-29 00:16:34 872
1517156195.872313371 4.47784 -1.57318 0.736842 0 2018-01-29 00:16:35 872
1517156196.872352505 4.47751 -1.5106 1.05263 0 2018-01-29 00:16:36 872
1517156197.872314867 4.39624 -1.43998 1.05263 0 2018-01-29 00:16:37 872
1517156198.872336970 4.39242 -1.34001 1.36842 0 2018-01-29 00:16:38 872
1517156199.872330583 4.38958 -1.24284 1.36842 0 2018-01-29 00:16:39 872
1517156200.872328154 4.38817 -1.14234 1.89474 0 2018-01-29 00:16:40 872
1517156201.872406873 4.38693 -1.04377 1.89474 0 2018-01-29 00:16:41 872
1517156202.872399704 4.36023 -0.940407 2.42105 0 2018-01-29 00:16:42 872
1517156203.872563269 4.30392 -0.859268 2.42105 0 2018-01-29 00:16:43 872
1517156204.872348230 4.17082 -0.810558 2.52632 0 2018-01-29 00:16:44 872
1517156205.872302675 4.08215 -0.792829 2.52632 0 2018-01-29 00:16:45 872
1517156206.872341341 4.00941 -0.81265 2.73684 0 2018-01-29 00:16:46 872
1517156207.872302974 4.0093 -0.812577 2.73684 0 2018-01-29 00:16:47 872
1517156208.872669304 3.937 -0.795726 2.21053 0 2018-01-29 00:16:48 872
1517156209.872320252 3.85575 -0.765134 2.21053 0 2018-01-29 00:16:49 872
1517156210.872326104 3.77334 -0.737825 2.52632 0 2018-01-29 00:16:50 872
1517156211.872299196 3.68664 -0.71917 2.52632 0 2018-01-29 00:16:51 872
1517156212.872355726 3.59055 -0.700697 3.26316 0 2018-01-29 00:16:52 872
1517156213.872337047 3.49506 -0.68168 3.26316 0 2018-01-29 00:16:53 872
1517156214.872463788 3.48235 -0.679004 4.31579 0 2018-01-29 00:16:54 872
1517156215.872306564 3.48231 -0.678994 4.31579 0 2018-01-29 00:16:55 872
1517156216.872382053 3.48231 -0.678995 4.84211 0 2018-01-29 00:16:56 872
1517156217.872284101 3.48231 -0.678995 4.84211 0 2018-01-29 00:16:57 872
1517156218.872323861 3.48231 -0.678995 3.78947 0 2018-01-29 00:16:58 872
1517156219.872316432 3.48231 -0.678995 3.78947 0 2018-01-29 00:16:59 872
1517156220.872576770 3.48231 -0.678995 3.78947 0 2018-01-29 00:17:00 872
1517156221.872315376 3.48231 -0.678995 3.78947 0 2018-01-29 00:17:01 872
1517156222.872332739 3.48231 -0.678995 3.57895 0 2018-01-29 00:17:02 872
1517156223.872314997 3.48231 -0.678995 3.57895 0 2018-01-29 00:17:03 872
1517156224.872337152 3.48231 -0.678995 4.84211 0 2018-01-29 00:17:04 872
1517156225.872324931 3.48231 -0.678995 4.84211 0 2018-01-29 00:17:05 872
1517156226.872336305 3.48231 -0.678995 4.63158 0 2018-01-29 00:17:06 872
1517156227.872319396 3.48231 -0.678995 4.63158 0 2018-01-29 00:17:07 872
1517156228.872318061 3.48231 -0.678995 4.84211 0 2018-01-29 00:17:08 872
1517156229.872299851 3.48231 -0.678995 4.84211 0 2018-01-29 00:17:09 872
1517156230.872645347 3.48231 -0.678995 4 0 2018-01-29 00:17:10 872
1517156231.872312024 3.48231 -0.678995 4 0 2018-01-29 00:17:11 872
1517156232.872328033 3.48231 -0.678995 4.10526 0 2018-01-29 00:17:12 872
1517156233.872321906 3.48231 -0.678995 4.10526 0 2018-01-29 00:17:13 872
1517156234.872332030 3.48231 -0.678995 3.78947 0 2018-01-29 00:17:14 872
1517156235.872448041 3.48231 -0.678995 3.78947 0 2018-01-29 00:17:15 872
1517156236.872338474 3.48231 -0.678995 4.10526 0 2018-01-29 00:17:16 872
1517156237.872312711 3.48231 -0.678995 4.10526 0 2018-01-29 00:17:17 872
1517156238.872461172 3.48231 -0.678995 4.21053 0 2018-01-29 00:17:18 872
1517156239.872302333 3.48231 -0.678995 4.21053 0 2018-01-29 00:17:19 872
1517156240.872320112 3.48231 -0.678995 4.42105 0 2018-01-29 00:17:20 872
1517156241.872327996 3.48231 -0.678995 4.42105 0 2018-01-29 00:17:21 872
1517156242.872344057 3.48231 -0.678995 4.21053 0 2018-01-29 00:17:22 872
1517156243.872372619 3.48231 -0.678995 4.21053 0 2018-01-29 00:17:23 872
1517156244.872330970 3.48231 -0.678995 5.47368 0 2018-01-29 00:17:24 872
1517156245.872308905 3.48231 -0.678995 5.47368 0 2018-01-29 00:17:25 872
1517156246.872344863 3.48231 -0.678995 5.36842 0 2018-01-29 00:17:26 872
1517156247.872321860 3.48231 -0.678995 5.36842 0 2018-01-29 00:17:27 872
1517156248.872337348 3.47826 -0.678147 4 0 2018-01-29 00:17:28 872
1517156249.872315336 3.38149 -0.657257 4 0 2018-01-29 00:17:29 872
1517156250.872318532 3.3017 -0.621376 4.21053 0 2018-01-29 00:17:30 872
1517156251.872709863 3.20775 -0.589424 4.21053 0 2018-01-29 00:17:31 872
1517156252.872340237 3.11747 -0.556532 5.1579 0 2018-01-29 00:17:32 872
1517156253.872334475 3.06807 -0.53729 5.1579 0 2018-01-29 00:17:33 872
1517156254.872543822 3.06806 -0.537294 5.47368 0 2018-01-29 00:17:34 872
1517156255.872296439 3.06807 -0.537299 5.47368 0 2018-01-29 00:17:35 872
1517156256.872324011 3.06807 -0.537302 5.89474 0 2018-01-29 00:17:36 872
1517156257.872301842 3.06807 -0.537299 5.89474 0 2018-01-29 00:17:37 872
1517156258.872344518 3.06807 -0.537299 5.36842 0 2018-01-29 00:17:38 872
1517156259.872309380 3.06807 -0.537299 5.36842 0 2018-01-29 00:17:39 872
1517156260.872342525 3.06807 -0.537299 5.05263 0 2018-01-29 00:17:40 872
1517156261.872371711 3.06807 -0.537299 5.05263 0 2018-01-29 00:17:41 872
1517156262.872435586 3.06807 -0.537299 5.1579 0 2018-01-29 00:17:42 872
1517156263.872557275 3.06807 -0.537299 5.1579 0 2018-01-29 00:17:43 872
1517156264.872347497 3.06807 -0.537299 5.26316 0 2018-01-29 00:17:44 872
1517156265.872355954 3.06807 -0.537299 5.26316 0 2018-01-29 00:17:45 872
1517156266.872320972 3.06807 -0.537299 5.36842 0 2018-01-29 00:17:46 872
1517156267.872317709 3.06807 -0.537299 5.36842 0 2018-01-29 00:17:47 872
1517156268.872330854 3.06807 -0.537299 5.36842 0 2018-01-29 00:17:48 872
1517156269.872302070 3.06807 -0.537299 5.36842 0 2018-01-29 00:17:49 872
1517156270.872336673 3.06807 -0.537299 5.68421 0 2018-01-29 00:17:50 872
1517156271.872316223 3.06807 -0.537299 5.68421 0 2018-01-29 00:17:51 872
1517156272.872329836 3.06807 -0.537299 5.78947 0 2018-01-29 00:17:52 872
1517156273.872610279 3.06807 -0.537299 5.78947 0 2018-01-29 00:17:53 872
1517156274.872615350 3.06807 -0.537299 4.63158 0 2018-01-29 00:17:54 872
1517156275.872314059 3.06807 -0.537299 4.63158 0 2018-01-29 00:17:55 872
1517156276.872823831 3.06807 -0.537299 6.21053 0 2018-01-29 00:17:56 872
1517156277.872309879 3.06807 -0.537299 6.21053 0 2018-01-29 00:17:57 872
1517156278.872342034 3.06807 -0.537299 6.21053 0 2018-01-29 00:17:58 872
1517156279.872302573 3.06807 -0.537299 6.21053 0 2018-01-29 00:17:59 872
1517156280.872327280 3.06807 -0.537299 6.42105 0 2018-01-29 00:18:00 872
1517156281.872292559 3.06807 -0.537299 6.42105 0 2018-01-29 00:18:01 872
1517156282.872416904 3.06807 -0.537299 5.47368 0 2018-01-29 00:18:02 872
1517156283.872323952 3.06807 -0.537299 5.47368 0 2018-01-29 00:18:03 872
1517156284.872499808 3.06807 -0.537299 5.47368 0 2018-01-29 00:18:04 872
1517156285.872374199 3.06807 -0.537299 5.47368 0 2018-01-29 00:18:05 872
1517156286.872345415 3.06807 -0.537299 5.47368 0 2018-01-29 00:18:06 872
1517156287.872308663 3.06807 -0.537299 5.47368 0 2018-01-29 00:18:07 872
1517156288.872329880 3.06807 -0.537299 5.1579 0 2018-01-29 00:18:08 872
1517156289.872273856 3.06807 -0.537299 5.1579 0 2018-01-29 00:18:09 872
1517156290.872335804 3.06807 -0.537299 5.57895 0 2018-01-29 00:18:10 872
1517156291.872293322 3.06807 -0.537299 5.57895 0 2018-01-29 00:18:11 872
1517156292.872378968 3.06807 -0.537299 5.89474 0 2018-01-29 00:18:12 872
1517156293.872310964 3.06807 -0.537299 5.89474 0 2018-01-29 00:18:13 872
1517156294.872341713 3.06807 -0.537299 5.57895 0 2018-01-29 00:18:14 872
1517156295.872314492 3.06807 -0.537299 5.57895 0 2018-01-29 00:18:15 872
1517156296.872333262 3.06807 -0.537299 5.78947 0 2018-01-29 00:18:16 872
1517156297.872319374 3.06807 -0.537299 5.78947 0 2018-01-29 00:18:17 872
1517156298.872402833 3.06807 -0.537299 4.84211 0 2018-01-29 00:18:18 872
1517156299.872307797 3.06807 -0.537299 4.84211 0 2018-01-29 00:18:19 872
1517156300.872345578 3.06807 -0.537299 5.47368 0 2018-01-29 00:18:20 872
1517156301.872312992 3.06807 -0.537299 5.47368 0 2018-01-29 00:18:21 872
1517156302.872606091 3.06807 -0.537299 6.21053 0 2018-01-29 00:18:22 872
1517156303.872285633 3.06807 -0.537299 6.21053 0 2018-01-29 00:18:23 872
1517156304.872487168 3.06807 -0.537299 6.31579 0 2018-01-29 00:18:24 872
1517156305.872312547 3.03825 -0.525592 6.31579 0 2018-01-29 00:18:25 872
1517156306.872329858 2.94232 -0.4858 5.68421 0 2018-01-29 00:18:26 872
1517156307.872307533 2.86416 -0.451242 5.68421 0 2018-01-29 00:18:27 872
1517156308.872356147 2.78704 -0.423326 6 0 2018-01-29 00:18:28 872
1517156309.872462939 2.6909 -0.423805 6 0 2018-01-29 00:18:29 872
1517156310.872344205 2.56889 -0.448867 6.63158 0 2018-01-29 00:18:30 872
1517156311.872300161 2.4708 -0.454226 6.63158 0 2018-01-29 00:18:31 872
1517156312.872322316 2.45496 -0.454983 6.31579 0 2018-01-29 00:18:32 872
1517156313.872307230 2.43977 -0.455663 6.31579 0 2018-01-29 00:18:33 872
1517156314.872320114 2.43359 -0.455949 7.26316 0 2018-01-29 00:18:34 872
1517156315.872242215 2.4336 -0.455948 7.26316 0 2018-01-29 00:18:35 872
1517156316.872343642 2.43359 -0.455948 8.10526 0 2018-01-29 00:18:36 872
1517156317.872311317 2.43359 -0.455948 8.10526 0 2018-01-29 00:18:37 872
1517156318.872343941 2.43359 -0.455948 8.94737 0 2018-01-29 00:18:38 872
1517156319.872310574 2.43345 -0.455954 8.94737 0 2018-01-29 00:18:39 872
1517156320.872321791 2.41652 -0.456697 8.94737 0 2018-01-29 00:18:40 872
1517156321.872395249 2.41547 -0.456746 8.94737 0 2018-01-29 00:18:41 872
1517156322.872364955 2.37556 -0.458485 8.73684 0 2018-01-29 00:18:42 872
1517156323.872300389 2.34562 -0.459517 8.73684 0 2018-01-29 00:18:43 872
1517156324.872403223 2.34562 -0.459518 8.21053 0 2018-01-29 00:18:44 872
1517156325.872303865 2.34562 -0.459519 8.21053 0 2018-01-29 00:18:45 872
1517156326.872338208 2.34562 -0.459519 9.68421 0 2018-01-29 00:18:46 872
1517156327.872460261 2.34562 -0.459519 9.68421 0 2018-01-29 00:18:47 872
1517156328.872345069 2.34562 -0.459519 10.5263 0 2018-01-29 00:18:48 872
1517156329.872323056 2.30332 -0.460587 10.5263 0 2018-01-29 00:18:49 872
1517156330.872330315 2.2554 -0.461827 10.3158 0 2018-01-29 00:18:50 872
1517156331.872295125 2.20198 -0.462331 10.3158 0 2018-01-29 00:18:51 872
1517156332.872343426 2.15159 -0.461838 9.78947 0 2018-01-29 00:18:52 872
1517156333.872308913 2.11466 -0.461602 9.78947 0 2018-01-29 00:18:53 872
1517156334.872334818 2.05995 -0.46064 9.68421 0 2018-01-29 00:18:54 872
1517156335.872410412 2.01977 -0.459545 9.68421 0 2018-01-29 00:18:55 872
1517156336.872404337 2.0319 -0.465456 10.6316 0 2018-01-29 00:18:56 872
1517156337.872316541 2.03191 -0.465457 10.6316 0 2018-01-29 00:18:57 872
1517156338.872327967 2.03191 -0.465457 10.1053 0 2018-01-29 00:18:58 872
1517156339.872304548 2.03191 -0.465457 10.1053 0 2018-01-29 00:18:59 872
1517156340.872350922 2.03191 -0.465457 12.1053 0 2018-01-29 00:19:00 872
1517156341.872308857 2.02405 -0.464807 12.1053 0 2018-01-29 00:19:01 872
1517156342.872383669 1.9634 -0.459662 12 0 2018-01-29 00:19:02 872
1517156343.872318947 1.90603 -0.454332 12 0 2018-01-29 00:19:03 872
1517156344.872349592 1.84698 -0.448578 11.0526 0 2018-01-29 00:19:04 872
1517156345.872310704 1.78777 -0.4421 11.0526 0 2018-01-29 00:19:05 872
1517156346.872538802 1.7304 -0.43546 12.6316 0 2018-01-29 00:19:06 872
1517156347.872398921 1.67358 -0.428026 12.6316 0 2018-01-29 00:19:07 872
1517156348.872330449 1.61509 -0.420095 17.0526 0 2018-01-29 00:19:08 872
1517156349.872287550 1.56116 -0.412036 17.0526 0 2018-01-29 00:19:09 872
1517156350.872320695 1.50194 -0.402679 18.4211 0 2018-01-29 00:19:10 872
1517156351.872290036 1.44312 -0.393513 18.4211 0 2018-01-29 00:19:11 872
1517156352.872280159 1.38901 -0.384509 20.1053 0 2018-01-29 00:19:12 872
1517156353.872306585 1.32914 -0.374246 20.1053 0 2018-01-29 00:19:13 872
1517156354.872342178 1.32353 -0.354713 28.1053 0 2018-01-29 00:19:14 872
1517156355.872307665 1.2702 -0.342404 28.1053 0 2018-01-29 00:19:15 872
1517156356.872439666 1.2175 -0.336449 33.6842 0 2018-01-29 00:19:16 872
1517156357.872312338 1.16901 -0.339225 33.6842 0 2018-01-29 00:19:17 872
1517156358.872490331 1.10761 -0.342219 41.2632 0 2018-01-29 00:19:18 872
1517156359.872315502 1.0489 -0.344549 41.2632 0 2018-01-29 00:19:19 872
1517156360.872330208 0.993858 -0.346095 47.4737 0 2018-01-29 00:19:20 872
1517156361.872308039 0.934188 -0.347201 47.4737 0 2018-01-29 00:19:21 872
1517156362.872347330 0.877832 -0.347923 58 0 2018-01-29 00:19:22 872
1517156363.872250576 0.820481 -0.338506 58 0 2018-01-29 00:19:23 872
1517156364.872300648 0.768004 -0.323532 124.737 0 2018-01-29 00:19:24 872
1517156365.872302178 0.701683 -0.315418 124.737 0 2018-01-29 00:19:25 872
1517156366.872329802 0.610516 -0.309911 138.596 0 2018-01-29 00:19:26 872
1517156367.872348311 0.555925 -0.287841 138.596 0 2018-01-29 00:19:27 872
1517156368.872413592 0.499841 -0.264512 257.368 0 2018-01-29 00:19:28 872
1517156369.872313140 0.445546 -0.240772 257.368 0 2018-01-29 00:19:29 872
1517156370.872333368 0.391533 -0.216171 219.123 0 2018-01-29 00:19:30 872
1517156371.872278594 0.337308 -0.190731 219.123 0 2018-01-29 00:19:31 872
1517156372.872530390 0.332814 -0.188591 13.9474 0 2018-01-29 00:19:32 872
1517156373.872241704 0.331897 -0.18816 13.9474 0 2018-01-29 00:19:33 872
1517156374.872355892 0.282958 -0.166257 10.5263 0 2018-01-29 00:19:34 872
1517156375.872535291 0.226162 -0.141739 10.5263 0 2018-01-29 00:19:35 872
1517156376.872336815 0.173521 -0.118879 5.78947 0 2018-01-29 00:19:36 872
1517156377.872312979 0.11086 -0.100476 5.78947 0 2018-01-29 00:19:37 872
1517156378.872404772 0.0841371 -0.0997113 4.21053 0 2018-01-29 00:19:38 872
1517156379.872332810 0.0841405 -0.0996681 4.21053 0 2018-01-29 00:19:39 872
1517156380.872342204 0.0841454 -0.0996552 3.26316 0 2018-01-29 00:19:40 872
1517156381.872307691 0.0841463 -0.0996517 3.26316 0 2018-01-29 00:19:41 872
1517156382.872346773 0.0841454 -0.0996507 3.15789 0 2018-01-29 00:19:42 872
1517156383.872303927 0.084145 -0.0996505 3.15789 0 2018-01-29 00:19:43 872
1517156384.872277018 0.084145 -0.0996504 3.05263 0 2018-01-29 00:19:44 872
1517156385.872321465 0.0841452 -0.0996503 3.05263 0 2018-01-29 00:19:45 872
1517156386.872344818 0.0841452 -0.0996503 3.36842 0 2018-01-29 00:19:46 872
1517156387.872291294 0.0841451 -0.0996503 3.36842 0 2018-01-29 00:19:47 872
1517156388.872337564 0.0841451 -0.0996503 2.42105 0 2018-01-29 00:19:48 872
1517156389.872335760 0.0841452 -0.0996503 2.42105 0 2018-01-29 00:19:49 872
1517156390.872342602 0.0841451 -0.0996503 1.89474 0 2018-01-29 00:19:50 872
1517156391.872327413 0.0841451 -0.0996503 1.89474 0 2018-01-29 00:19:51 872
1517156392.872450456 0.0841451 -0.0996503 1.47368 0 2018-01-29 00:19:52 872
1517156393.872311982 0.0841451 -0.0996503 1.47368 0 2018-01-29 00:19:53 872
1517156394.872328616 0.0841451 -0.0996503 2.10526 0 2018-01-29 00:19:54 872
1517156395.872494420 0.0841451 -0.0996503 2.10526 0 2018-01-29 00:19:55 872
1517156396.872472095 0.0841451 -0.0996503 2.10526 0 2018-01-29 00:19:56 872
1517156397.872320964 0.0841451 -0.0996503 2.10526 0 2018-01-29 00:19:57 872
1517156398.872337442 0.0841451 -0.0996503 2.21053 0 2018-01-29 00:19:58 872
1517156399.872330794 0.0841451 -0.0996503 2.21053 0 2018-01-29 00:19:59 872
1517156400.872356387 0.0841451 -0.0996503 2.10526 0 2018-01-29 00:20:00 872
1517156401.872311978 0.0841451 -0.0996503 2.10526 0 2018-01-29 00:20:01 872
1517156402.872339602 0.0841451 -0.0996503 2.84211 0 2018-01-29 00:20:02 872
1517156403.872330454 0.0841451 -0.0996503 2.84211 0 2018-01-29 00:20:03 872
1517156404.872331775 0.0841451 -0.0996503 2.31579 0 2018-01-29 00:20:04 872
1517156405.872464974 0.0841451 -0.0996503 2.31579 0 2018-01-29 00:20:05 872
1517156406.872354991 0.0841451 -0.0996503 2.84211 0 2018-01-29 00:20:06 872
1517156407.872315373 0.0841451 -0.0996503 2.84211 0 2018-01-29 00:20:07 872
1517156408.872353779 0.0841451 -0.0996503 3.68421 0 2018-01-29 00:20:08 872
1517156409.872316661 0.0841451 -0.0996503 3.68421 0 2018-01-29 00:20:09 872
1517156410.872351421 0.0841451 -0.0996503 2.84211 0 2018-01-29 00:20:10 872
1517156411.872308782 0.0841451 -0.0996503 2.84211 0 2018-01-29 00:20:11 872
1517156412.872341823 0.0841451 -0.0996503 2.42105 0 2018-01-29 00:20:12 872
1517156413.872326633 0.0841451 -0.0996503 2.42105 0 2018-01-29 00:20:13 872
1517156414.872350924 0.0841451 -0.0996503 2.52632 0 2018-01-29 00:20:14 872
1517156415.872315525 0.0841451 -0.0996503 2.52632 0 2018-01-29 00:20:15 872
1517156416.872352837 0.0841451 -0.0996503 2.63158 0 2018-01-29 00:20:16 872
1517156417.872322907 0.0841451 -0.0996503 2.63158 0 2018-01-29 00:20:17 872
1517156418.872359542 0.0841451 -0.0996503 3.05263 0 2018-01-29 00:20:18 872
1517156419.872315758 0.0841451 -0.0996503 3.05263 0 2018-01-29 00:20:19 872
1517156420.872335934 0.0841451 -0.0996503 2.63158 0 2018-01-29 00:20:20 872
1517156421.872323661 0.0841451 -0.0996503 2.63158 0 2018-01-29 00:20:21 872
1517156422.872279512 0.0841451 -0.0996503 2.21053 0 2018-01-29 00:20:22 872
1517156423.872313646 0.0841451 -0.0996503 2.21053 0 2018-01-29 00:20:23 872
1517156424.872344239 0.0841451 -0.0996503 2.63158 0 2018-01-29 00:20:24 872
1517156425.872327799 0.0841451 -0.0996503 2.63158 0 2018-01-29 00:20:25 872
1517156426.872311724 0.0841451 -0.0996503 3.05263 0 2018-01-29 00:20:26 872
1517156427.872296691 0.0841451 -0.0996503 3.05263 0 2018-01-29 00:20:27 872
1517156428.872360045 0.0841451 -0.0996503 2.84211 0 2018-01-29 00:20:28 872
1517156429.872463296 0.0841451 -0.0996503 2.84211 0 2018-01-29 00:20:29 872
1517156430.872331280 0.0841451 -0.0996503 2.31579 0 2018-01-29 00:20:30 872
1517156431.872319372 0.0841451 -0.0996503 2.31579 0 2018-01-29 00:20:31 872
1517156432.872356058 0.0841451 -0.0996503 3.57895 0 2018-01-29 00:20:32 872
1517156433.872340087 0.0841451 -0.0996503 3.57895 0 2018-01-29 00:20:33 872
1517156434.872339846 0.0841451 -0.0996503 3.68421 0 2018-01-29 00:20:34 872
1517156435.872316843 0.0841451 -0.0996503 3.68421 0 2018-01-29 00:20:35 872
1517156436.872347645 0.0841451 -0.0996503 3.36842 0 2018-01-29 00:20:36 872
1517156437.872338132 0.0841451 -0.0996503 3.36842 0 2018-01-29 00:20:37 872
1517156438.872343568 0.0841451 -0.0996503 3.15789 0 2018-01-29 00:20:38 872
1517156439.872325982 0.0841451 -0.0996503 3.15789 0 2018-01-29 00:20:39 872
1517156440.872355533 0.0841451 -0.0996503 2.94737 0 2018-01-29 00:20:40 872
1517156441.872317999 0.0841451 -0.0996503 2.94737 0 2018-01-29 00:20:41 872
1517156442.872342550 0.0841451 -0.0996503 2 0 2018-01-29 00:20:42 872
1517156443.872249442 0.0841451 -0.0996503 2 0 2018-01-29 00:20:43 872
1517156444.872346807 0.0841451 -0.0996503 2.10526 0 2018-01-29 00:20:44 872
1517156445.872311044 0.0841451 -0.0996503 2.10526 0 2018-01-29 00:20:45 872
1517156446.872429243 0.0841451 -0.0996503 2.21053 0 2018-01-29 00:20:46 872
1517156447.872320197 0.0841451 -0.0996503 2.21053 0 2018-01-29 00:20:47 872
1517156448.872335373 0.0841451 -0.0996503 2.52632 0 2018-01-29 00:20:48 872
1517156449.872337215 0.0841451 -0.0996503 2.52632 0 2018-01-29 00:20:49 872
1517156450.872357286 0.0841451 -0.0996503 2.21053 0 2018-01-29 00:20:50 872
1517156451.872412150 0.0841451 -0.0996503 2.21053 0 2018-01-29 00:20:51 872
1517156452.872352376 0.0841451 -0.0996503 3.36842 0 2018-01-29 00:20:52 872
1517156453.872320624 0.0841451 -0.0996503 3.36842 0 2018-01-29 00:20:53 872
1517156454.872366165 0.0841451 -0.0996503 2.94737 0 2018-01-29 00:20:54 872
1517156455.872302588 0.0841451 -0.0996503 2.94737 0 2018-01-29 00:20:55 872
1517156456.872349223 0.0841451 -0.0996503 2.73684 0 2018-01-29 00:20:56 872
1517156457.872313356 0.0841451 -0.0996503 2.73684 0 2018-01-29 00:20:57 872
1517156458.872354730 0.0841451 -0.0996503 2.84211 0 2018-01-29 00:20:58 872
1517156459.872311935 0.0841451 -0.0996503 2.84211 0 2018-01-29 00:20:59 872
1517156460.872916188 0.0841451 -0.0996503 3.47368 0 2018-01-29 00:21:00 872
1517156461.872329161 0.0841451 -0.0996503 3.47368 0 2018-01-29 00:21:01 872
1517156462.872270898 0.0841451 -0.0996503 3.47368 0 2018-01-29 00:21:02 872
1517156463.872277323 0.0841451 -0.0996503 3.47368 0 2018-01-29 00:21:03 872
1517156464.872344375 0.0841451 -0.0996503 2.63158 0 2018-01-29 00:21:04 872
1517156465.872380749 0.0841451 -0.0996503 2.63158 0 2018-01-29 00:21:05 872
1517156466.872353476 0.0841451 -0.0996503 2.73684 0 2018-01-29 00:21:06 872
1517156467.872229586 0.0841451 -0.0996503 2.73684 0 2018-01-29 00:21:07 872
1517156468.872351118 0.0841451 -0.0996503 3.47368 0 2018-01-29 00:21:08 872
1517156469.872315876 0.0841451 -0.0996503 3.47368 0 2018-01-29 00:21:09 872
1517156470.872405428 0.0841451 -0.0996503 2.94737 0 2018-01-29 00:21:10 872
1517156471.872318258 0.0841451 -0.0996503 2.94737 0 2018-01-29 00:21:11 872
1517156472.872352600 0.0841451 -0.0996503 2.63158 0 2018-01-29 00:21:12 872
1517156473.872319442 0.0841451 -0.0996503 2.63158 0 2018-01-29 00:21:13 872
1517156474.872341701 0.0841451 -0.0996503 1.89474 0 2018-01-29 00:21:14 872
1517156475.872455160 0.0841451 -0.0996503 1.89474 0 2018-01-29 00:21:15 872
1517156476.872379969 0.0841451 -0.0996503 2 0 2018-01-29 00:21:16 872
1517156477.872258683 0.0841451 -0.0996503 2 0 2018-01-29 00:21:17 872
1517156478.872277869 0.0841451 -0.0996503 2.52632 0 2018-01-29 00:21:18 872
1517156479.872315441 0.0841451 -0.0996503 2.52632 0 2018-01-29 00:21:19 872
1517156480.872340200 0.0841451 -0.0996503 2.84211 0 2018-01-29 00:21:20 872
1517156481.872413971 0.0841451 -0.0996503 2.84211 0 2018-01-29 00:21:21 872
1517156482.872350812 0.0841451 -0.0996503 3.36842 0 2018-01-29 00:21:22 872
1517156483.872340101 0.0841451 -0.0996503 3.36842 0 2018-01-29 00:21:23 872
1517156484.872357621 0.0841451 -0.0996503 4.31579 0 2018-01-29 00:21:24 872
1517156485.872327847 0.0841451 -0.0996503 4.31579 0 2018-01-29 00:21:25 872
1517156486.872336148 0.0841451 -0.0996503 4.42105 0 2018-01-29 00:21:26 872
1517156487.872344292 0.0841451 -0.0996503 4.42105 0 2018-01-29 00:21:27 872
1517156488.872344467 0.0841451 -0.0996503 3.47368 0 2018-01-29 00:21:28 872
1517156489.872247765 0.0841451 -0.0996503 3.47368 0 2018-01-29 00:21:29 872
1517156490.872334765 0.0841451 -0.0996503 2.63158 0 2018-01-29 00:21:30 872
1517156491.872327076 0.0841451 -0.0996503 2.63158 0 2018-01-29 00:21:31 872
1517156492.872372461 0.0841451 -0.0996503 2.52632 0 2018-01-29 00:21:32 872
1517156493.872308832 0.0841451 -0.0996503 2.52632 0 2018-01-29 00:21:33 872
1517156494.872339842 0.0841451 -0.0996503 3.47368 0 2018-01-29 00:21:34 872
1517156495.872316162 0.0841451 -0.0996503 3.47368 0 2018-01-29 00:21:35 872
1517156496.872338421 0.0841451 -0.0996503 3.57895 0 2018-01-29 00:21:36 872
1517156497.872320836 0.0841451 -0.0996503 3.57895 0 2018-01-29 00:21:37 872
1517156498.872728000 0.0841451 -0.0996503 2.31579 0 2018-01-29 00:21:38 872
1517156499.872321082 0.0841451 -0.0996503 2.31579 0 2018-01-29 00:21:39 872
1517156500.872347248 0.0841451 -0.0996503 1.57895 0 2018-01-29 00:21:40 872
1517156501.872313672 0.0841451 -0.0996503 1.57895 0 2018-01-29 00:21:41 872
1517156502.872335254 0.0841451 -0.0996503 1.89474 0 2018-01-29 00:21:42 872
1517156503.872364493 0.0841451 -0.0996503 1.89474 0 2018-01-29 00:21:43 872
1517156504.872354043 0.0841451 -0.0996503 2.21053 0 2018-01-29 00:21:44 872
1517156505.872330832 0.0841451 -0.0996503 2.21053 0 2018-01-29 00:21:45 872
1517156506.872353872 0.0841451 -0.0996503 2.10526 0 2018-01-29 00:21:46 872
1517156507.872322068 0.0841451 -0.0996503 2.10526 0 2018-01-29 00:21:47 872
1517156508.872437610 0.0841451 -0.0996503 2.42105 0 2018-01-29 00:21:48 872
1517156509.872313512 0.0841451 -0.0996503 2.42105 0 2018-01-29 00:21:49 872
1517156510.872331344 0.0841451 -0.0996503 2.73684 0 2018-01-29 00:21:50 872
1517156511.872323081 0.0841451 -0.0996503 2.73684 0 2018-01-29 00:21:51 872
1517156512.872349507 0.0841451 -0.0996503 3.57895 0 2018-01-29 00:21:52 872
1517156513.872320411 0.0841451 -0.0996503 3.57895 0 2018-01-29 00:21:53 872
1517156514.872484913 0.0841451 -0.0996503 2.94737 0 2018-01-29 00:21:54 872
1517156515.872342950 0.0841451 -0.0996503 2.94737 0 2018-01-29 00:21:55 872
1517156516.872346302 0.0841451 -0.0996503 2.84211 0 2018-01-29 00:21:56 872
1517156517.872325383 0.0841451 -0.0996503 2.84211 0 2018-01-29 00:21:57 872
1517156518.872269567 0.0841451 -0.0996503 2.94737 0 2018-01-29 00:21:58 872
1517156519.872366985 0.0841451 -0.0996503 2.94737 0 2018-01-29 00:21:59 872
1517156520.872346847 0.0841451 -0.0996503 2.73684 0 2018-01-29 00:22:00 872
1517156521.872376763 0.0841451 -0.0996503 2.73684 0 2018-01-29 00:22:01 872
1517156522.872338135 0.0841451 -0.0996503 3.47368 0 2018-01-29 00:22:02 872
1517156523.872313674 0.0841451 -0.0996503 3.47368 0 2018-01-29 00:22:03 872
1517156524.872341454 0.0841451 -0.0996503 3.05263 0 2018-01-29 00:22:04 872
1517156525.872332306 0.0841451 -0.0996503 3.05263 0 2018-01-29 00:22:05 872
1517156526.872334461 0.0841451 -0.0996503 2.73684 0 2018-01-29 00:22:06 872
1517156527.872319896 0.0841451 -0.0996503 2.73684 0 2018-01-29 00:22:07 872
1517156528.872354551 0.0841451 -0.0996503 2.31579 0 2018-01-29 00:22:08 872
1517156529.872313580 0.0841451 -0.0996503 2.31579 0 2018-01-29 00:22:09 872
1517156530.872356881 0.0841451 -0.0996503 2.52632 0 2018-01-29 00:22:10 872
1517156531.872332316 0.0841451 -0.0996503 2.52632 0 2018-01-29 00:22:11 872
1517156532.872553435 0.0841451 -0.0996503 3.36842 0 2018-01-29 00:22:12 872
1517156533.872320896 0.0841451 -0.0996503 3.36842 0 2018-01-29 00:22:13 872
1517156534.872338155 0.0841451 -0.0996503 3.15789 0 2018-01-29 00:22:14 872
1517156535.872547606 0.0841451 -0.0996503 3.15789 0 2018-01-29 00:22:15 872
1517156536.872348141 0.0841451 -0.0996503 2.84211 0 2018-01-29 00:22:16 872
1517156537.872311909 0.0841451 -0.0996503 2.84211 0 2018-01-29 00:22:17 872
1517156538.872364586 0.0841451 -0.0996503 2.73684 0 2018-01-29 00:22:18 872
1517156539.872328510 0.0841451 -0.0996503 2.73684 0 2018-01-29 00:22:19 872
1517156540.872355874 0.0841451 -0.0996503 2.52632 0 2018-01-29 00:22:20 872
1517156541.872331465 0.0841451 -0.0996503 2.52632 0 2018-01-29 00:22:21 872
1517156542.872336015 0.0841451 -0.0996503 2.73684 0 2018-01-29 00:22:22 872
1517156543.872577603 0.0841451 -0.0996503 2.73684 0 2018-01-29 00:22:23 872
1517156544.872361991 0.0841451 -0.0996503 2.31579 0 2018-01-29 00:22:24 872
1517156545.872320395 0.0841451 -0.0996503 2.31579 0 2018-01-29 00:22:25 872
1517156546.872363332 0.0841451 -0.0996503 2.94737 0 2018-01-29 00:22:26 872
1517156547.872319547 0.0841451 -0.0996503 2.94737 0 2018-01-29 00:22:27 872
1517156548.872254200 0.0841451 -0.0996503 2.73684 0 2018-01-29 00:22:28 872
1517156549.872311981 0.0841451 -0.0996503 2.73684 0 2018-01-29 00:22:29 872
1517156550.872336480 0.0841451 -0.0996503 2.73684 0 2018-01-29 00:22:30 872
1517156551.872308842 0.0841451 -0.0996503 2.73684 0 2018-01-29 00:22:31 872
1517156552.872566107 0.0841451 -0.0996503 2.84211 0 2018-01-29 00:22:32 872
1517156553.872317995 0.0841451 -0.0996503 2.84211 0 2018-01-29 00:22:33 872
1517156554.872349369 0.0841451 -0.0996503 2.42105 0 2018-01-29 00:22:34 872
1517156555.872316783 0.0841451 -0.0996503 2.42105 0 2018-01-29 00:22:35 872
1517156556.872353678 0.0841451 -0.0996503 2.42105 0 2018-01-29 00:22:36 872
1517156557.872324582 0.0841451 -0.0996503 2.42105 0 2018-01-29 00:22:37 872
1517156558.872334080 0.0841451 -0.0996503 2.63158 0 2018-01-29 00:22:38 872
1517156559.872307588 0.0841451 -0.0996503 2.63158 0 2018-01-29 00:22:39 872
1517156560.872334222 0.0841451 -0.0996503 2.52632 0 2018-01-29 00:22:40 872
1517156561.872321637 0.0841451 -0.0996503 2.52632 0 2018-01-29 00:22:41 872
1517156562.872531349 0.0841451 -0.0996503 3.15789 0 2018-01-29 00:22:42 872
1517156563.872313029 0.0841451 -0.0996503 3.15789 0 2018-01-29 00:22:43 872
1517156564.872334455 0.0841451 -0.0996503 3.57895 0 2018-01-29 00:22:44 872
1517156565.872325932 0.0841451 -0.0996503 3.57895 0 2018-01-29 00:22:45 872
1517156566.872300273 0.0841451 -0.0996503 3.57895 0 2018-01-29 00:22:46 872
1517156567.872424045 0.0841451 -0.0996503 3.57895 0 2018-01-29 00:22:47 872
1517156568.872269112 0.0841451 -0.0996503 2.84211 0 2018-01-29 00:22:48 872
1517156569.872304028 0.0841451 -0.0996503 2.84211 0 2018-01-29 00:22:49 872
1517156570.872323996 0.0841451 -0.0996503 2.63158 0 2018-01-29 00:22:50 872
1517156571.872319640 0.0841451 -0.0996503 2.63158 0 2018-01-29 00:22:51 872
1517156572.872338722 0.0841451 -0.0996503 2.31579 0 2018-01-29 00:22:52 872
1517156573.872317178 0.0841451 -0.0996503 2.31579 0 2018-01-29 00:22:53 872
1517156574.872331676 0.0841451 -0.0996503 2.31579 0 2018-01-29 00:22:54 872
1517156575.872317372 0.0841451 -0.0996503 2.31579 0 2018-01-29 00:22:55 872
1517156576.872342183 0.0841451 -0.0996503 2.73684 0 2018-01-29 00:22:56 872
1517156577.872305795 0.0841451 -0.0996503 2.73684 0 2018-01-29 00:22:57 872
1517156578.872333836 0.0841451 -0.0996503 2.84211 0 2018-01-29 00:22:58 872
1517156579.872378647 0.0841451 -0.0996503 2.84211 0 2018-01-29 00:22:59 872
1517156580.872330905 0.0841451 -0.0996503 3.05263 0 2018-01-29 00:23:00 872
1517156581.872305194 0.0841451 -0.0996503 3.05263 0 2018-01-29 00:23:01 872
1517156582.872330370 0.0841451 -0.0996503 3.05263 0 2018-01-29 00:23:02 872
1517156583.872247106 0.0841451 -0.0996503 3.05263 0 2018-01-29 00:23:03 872
1517156584.872349263 0.0841451 -0.0996503 3.05263 0 2018-01-29 00:23:04 872
1517156585.872316416 0.0841451 -0.0996503 3.05263 0 2018-01-29 00:23:05 872
1517156586.872339561 0.0841451 -0.0996503 2.94737 0 2018-01-29 00:23:06 872
1517156587.872284058 0.0841451 -0.0996503 2.94737 0 2018-01-29 00:23:07 872
1517156588.872296265 0.0841451 -0.0996503 2.94737 0 2018-01-29 00:23:08 872
1517156589.872308680 0.0841451 -0.0996503 2.94737 0 2018-01-29 00:23:09 872
1517156590.872325522 0.0841451 -0.0996503 2.73684 0 2018-01-29 00:23:10 872
1517156591.872311843 0.0841451 -0.0996503 2.73684 0 2018-01-29 00:23:11 872
1517156592.872328112 0.0841451 -0.0996503 2.21053 0 2018-01-29 00:23:12 872
1517156593.872310214 0.0841451 -0.0996503 2.21053 0 2018-01-29 00:23:13 872
1517156594.872357682 0.0841451 -0.0996503 2.10526 0 2018-01-29 00:23:14 872
1517156595.872531091 0.0841451 -0.0996503 2.10526 0 2018-01-29 00:23:15 872
1517156596.872331626 0.0841451 -0.0996503 1.89474 0 2018-01-29 00:23:16 872
1517156597.872332635 0.0841451 -0.0996503 1.89474 0 2018-01-29 00:23:17 872
1517156598.872325206 0.0841451 -0.0996503 2 0 2018-01-29 00:23:18 872
1517156599.872305016 0.0830164 -0.0997362 2 0 2018-01-29 00:23:19 872
1517156600.872419933 0.0830163 -0.0997362 2 0 2018-01-29 00:23:20 872
1517156601.872310210 0.0830163 -0.0997362 2 0 2018-01-29 00:23:21 872
1517156602.872330438 0.0830163 -0.0997362 1.89474 0 2018-01-29 00:23:22 872
1517156603.872406709 0.0830163 -0.0997362 1.89474 0 2018-01-29 00:23:23 872
1517156604.872335528 0.0830163 -0.0997362 1.57895 0 2018-01-29 00:23:24 872
1517156605.872331485 0.0830163 -0.0997362 1.57895 0 2018-01-29 00:23:25 872
1517156606.872311764 0.0830163 -0.0997362 2.10526 0 2018-01-29 00:23:26 872
1517156607.872314126 0.0830163 -0.0997362 2.10526 0 2018-01-29 00:23:27 872
1517156608.872324042 0.0830163 -0.0997362 2.10526 0 2018-01-29 00:23:28 872
1517156609.872567973 0.0830163 -0.0997362 2.10526 0 2018-01-29 00:23:29 872
1517156610.872345122 0.0830163 -0.0997362 2.21053 0 2018-01-29 00:23:30 872
1517156611.872410299 0.0830163 -0.0997362 2.21053 0 2018-01-29 00:23:31 872
1517156612.872327555 0.0830163 -0.0997362 2.63158 0 2018-01-29 00:23:32 872
1517156613.872554403 0.0830163 -0.0997362 2.63158 0 2018-01-29 00:23:33 872
1517156614.872344781 0.0830163 -0.0997362 2.31579 0 2018-01-29 00:23:34 872
1517156615.872298810 0.0830163 -0.0997362 2.31579 0 2018-01-29 00:23:35 872
1517156616.872485031 0.0830163 -0.0997362 1.78947 0 2018-01-29 00:23:36 872
1517156617.872435934 0.0830163 -0.0997362 1.78947 0 2018-01-29 00:23:37 872
1517156618.872324024 0.0830163 -0.0997362 1.89474 0 2018-01-29 00:23:38 872
1517156619.872299250 0.0830163 -0.0997362 1.89474 0 2018-01-29 00:23:39 872
1517156620.872337239 0.0830163 -0.0997362 1.78947 0 2018-01-29 00:23:40 872
1517156621.872367936 0.0830163 -0.0997362 1.78947 0 2018-01-29 00:23:41 872
1517156622.872340246 0.0830163 -0.0997362 3.15789 0 2018-01-29 00:23:42 872
1517156623.872313285 0.0830163 -0.0997362 3.15789 0 2018-01-29 00:23:43 872
1517156624.872347107 0.0830163 -0.0997362 2.94737 0 2018-01-29 00:23:44 872
1517156625.872362074 0.0830163 -0.0997362 2.94737 0 2018-01-29 00:23:45 872
1517156626.872335270 0.0830163 -0.0997362 2.31579 0 2018-01-29 00:23:46 872
1517156627.872324559 0.0830163 -0.0997362 2.31579 0 2018-01-29 00:23:47 872
1517156628.872297755 0.0830163 -0.0997362 2.42105 0 2018-01-29 00:23:48 872
1517156629.872311316 0.0830163 -0.0997362 2.42105 0 2018-01-29 00:23:49 872
1517156630.872320918 0.0830163 -0.0997362 2.73684 0 2018-01-29 00:23:50 872
1517156631.872315416 0.0830163 -0.0997362 2.73684 0 2018-01-29 00:23:51 872
1517156632.872452679 0.0830163 -0.0997362 3.36842 0 2018-01-29 00:23:52 872
1517156633.872304465 0.0830163 -0.0997362 3.36842 0 2018-01-29 00:23:53 872
1517156634.872459331 0.0830163 -0.0997362 3.05263 0 2018-01-29 00:23:54 872
1517156635.872717690 0.0830163 -0.0997362 3.05263 0 2018-01-29 00:23:55 872
1517156636.872675625 0.0830163 -0.0997362 2.31579 0 2018-01-29 00:23:56 872
1517156637.872320479 0.0830163 -0.0997362 2.31579 0 2018-01-29 00:23:57 872
1517156638.872367530 0.0830163 -0.0997362 2.73684 0 2018-01-29 00:23:58 872
1517156639.872335153 0.0830163 -0.0997362 2.73684 0 2018-01-29 00:23:59 872
1517156640.872367985 0.0830163 -0.0997362 2.84211 0 2018-01-29 00:24:00 872
1517156641.872237324 0.0830163 -0.0997362 2.84211 0 2018-01-29 00:24:01 872
1517156642.872355002 0.0830163 -0.0997362 2.84211 0 2018-01-29 00:24:02 872
1517156643.872301999 0.0830163 -0.0997362 2.84211 0 2018-01-29 00:24:03 872
1517156644.872320091 0.0830163 -0.0997362 2.73684 0 2018-01-29 00:24:04 872
1517156645.872693661 0.0830163 -0.0997362 2.73684 0 2018-01-29 00:24:05 872
1517156646.872553833 0.0830163 -0.0997362 2.73684 0 2018-01-29 00:24:06 872
1517156647.872313742 0.0830163 -0.0997362 2.73684 0 2018-01-29 00:24:07 872
1517156648.872339334 0.0830163 -0.0997362 2.52632 0 2018-01-29 00:24:08 872
1517156649.872312426 0.0830163 -0.0997362 2.52632 0 2018-01-29 00:24:09 872
1517156650.872262235 0.0830163 -0.0997362 2.31579 0 2018-01-29 00:24:10 872
1517156651.872301890 0.0830163 -0.0997362 2.31579 0 2018-01-29 00:24:11 872
1517156652.872341442 0.0830163 -0.0997362 2.52632 0 2018-01-29 00:24:12 872
1517156653.872296928 0.0830163 -0.0997362 2.52632 0 2018-01-29 00:24:13 872
1517156654.872323511 0.0830163 -0.0997362 2.42105 0 2018-01-29 00:24:14 872
1517156655.872300248 0.0830163 -0.0997362 2.42105 0 2018-01-29 00:24:15 872
1517156656.872327403 0.0830163 -0.0997362 2.63158 0 2018-01-29 00:24:16 872
1517156657.872402111 0.0830163 -0.0997362 2.63158 0 2018-01-29 00:24:17 872
1517156658.872409110 0.0830163 -0.0997362 3.78947 0 2018-01-29 00:24:18 872
1517156659.872444546 0.0830163 -0.0997362 3.78947 0 2018-01-29 00:24:19 872
1517156660.872338573 0.0830163 -0.0997362 3.15789 0 2018-01-29 00:24:20 872
1517156661.872312393 0.0830163 -0.0997362 3.15789 0 2018-01-29 00:24:21 872
1517156662.872531585 0.0830163 -0.0997362 2.84211 0 2018-01-29 00:24:22 872
1517156663.872690826 0.0830163 -0.0997362 2.84211 0 2018-01-29 00:24:23 872
1517156664.872347139 0.0830163 -0.0997362 2.31579 0 2018-01-29 00:24:24 872
1517156665.872662270 0.0830163 -0.0997362 2.31579 0 2018-01-29 00:24:25 872
1517156666.872333322 0.0830163 -0.0997362 2.42105 0 2018-01-29 00:24:26 872
1517156667.872280892 0.0830163 -0.0997362 2.42105 0 2018-01-29 00:24:27 872
1517156668.872903740 0.0830163 -0.0997362 2.42105 0 2018-01-29 00:24:28 872
1517156669.872305618 0.0830163 -0.0997362 2.42105 0 2018-01-29 00:24:29 872
1517156670.872329023 0.0830163 -0.0997362 2.84211 0 2018-01-29 00:24:30 872
1517156671.872313782 0.0830163 -0.0997362 2.84211 0 2018-01-29 00:24:31 872
1517156672.872324061 0.0830163 -0.0997362 3.05263 0 2018-01-29 00:24:32 872
1517156673.872315330 0.0830163 -0.0997362 3.05263 0 2018-01-29 00:24:33 872
1517156674.872332016 0.0830163 -0.0997362 2.84211 0 2018-01-29 00:24:34 872
1517156675.872380109 0.0830163 -0.0997362 2.84211 0 2018-01-29 00:24:35 872
1517156676.872326742 0.0830163 -0.0997362 2.63158 0 2018-01-29 00:24:36 872
1517156677.872469108 0.0830163 -0.0997362 2.63158 0 2018-01-29 00:24:37 872
1517156678.872327926 0.0830163 -0.0997362 2.10526 0 2018-01-29 00:24:38 872
1517156679.872306330 0.0830163 -0.0997362 2.10526 0 2018-01-29 00:24:39 872
1517156680.872332183 0.0830163 -0.0997362 1.89474 0 2018-01-29 00:24:40 872
1517156681.872309961 0.0830163 -0.0997362 1.89474 0 2018-01-29 00:24:41 872
1517156682.872339721 0.0830163 -0.0997362 2.52632 0 2018-01-29 00:24:42 872
1517156683.872345365 0.0830163 -0.0997362 2.52632 0 2018-01-29 00:24:43 872
1517156684.873068944 0.0830163 -0.0997362 2.31579 0 2018-01-29 00:24:44 872
1517156685.872315090 0.0830163 -0.0997362 2.31579 0 2018-01-29 00:24:45 872
1517156686.872345995 0.0830163 -0.0997362 2.63158 0 2018-01-29 00:24:46 872
1517156687.872302523 0.0830163 -0.0997362 2.63158 0 2018-01-29 00:24:47 872
1517156688.872329783 0.0830163 -0.0997362 2.73684 0 2018-01-29 00:24:48 872
1517156689.872555693 0.0830163 -0.0997362 2.73684 0 2018-01-29 00:24:49 872
1517156690.872340238 0.0830163 -0.0997362 3.05263 0 2018-01-29 00:24:50 872
1517156691.872302756 0.0830163 -0.0997362 3.05263 0 2018-01-29 00:24:51 872
1517156692.872435695 0.0830163 -0.0997362 3.05263 0 2018-01-29 00:24:52 872
1517156693.872313315 0.0830163 -0.0997362 3.05263 0 2018-01-29 00:24:53 872
1517156694.872395888 0.0830163 -0.0997362 3.36842 0 2018-01-29 00:24:54 872
1517156695.872308301 0.0830163 -0.0997362 3.36842 0 2018-01-29 00:24:55 872
1517156696.872342123 0.0830163 -0.0997362 2.73684 0 2018-01-29 00:24:56 872
1517156697.872325735 0.0830163 -0.0997362 2.73684 0 2018-01-29 00:24:57 872
1517156698.872304660 0.0830163 -0.0997362 3.15789 0 2018-01-29 00:24:58 872
1517156699.872305148 0.0830163 -0.0997362 3.15789 0 2018-01-29 00:24:59 872
1517156700.872350689 0.0830163 -0.0997362 2.84211 0 2018-01-29 00:25:00 872
1517156701.872335655 0.0830163 -0.0997362 2.84211 0 2018-01-29 00:25:01 872
1517156702.872374477 0.0830163 -0.0997362 2.21053 0 2018-01-29 00:25:02 872
1517156703.872473249 0.0830163 -0.0997362 2.21053 0 2018-01-29 00:25:03 872
1517156704.872361859 0.0830163 -0.0997362 2.52632 0 2018-01-29 00:25:04 872
1517156705.872775378 0.0830163 -0.0997362 2.52632 0 2018-01-29 00:25:05 872
1517156706.872337782 0.0830163 -0.0997362 2.10526 0 2018-01-29 00:25:06 872
1517156707.872312644 0.0830163 -0.0997362 2.10526 0 2018-01-29 00:25:07 872
1517156708.872358601 0.0830163 -0.0997362 2 0 2018-01-29 00:25:08 872
1517156709.872269452 0.0830163 -0.0997362 2 0 2018-01-29 00:25:09 872
1517156710.872345827 0.0830163 -0.0997362 2.10526 0 2018-01-29 00:25:10 872
1517156711.872311522 0.0830163 -0.0997362 2.10526 0 2018-01-29 00:25:11 872
1517156712.872349250 0.0830163 -0.0997362 2.73684 0 2018-01-29 00:25:12 872
1517156713.872399687 0.0830163 -0.0997362 2.73684 0 2018-01-29 00:25:13 872
1517156714.872326996 0.0830163 -0.0997362 3.15789 0 2018-01-29 00:25:14 872
1517156715.872321494 0.0830163 -0.0997362 3.15789 0 2018-01-29 00:25:15 872
1517156716.872440735 0.0830163 -0.0997362 3.15789 0 2018-01-29 00:25:16 872
1517156717.872314397 0.0830163 -0.0997362 3.15789 0 2018-01-29 00:25:17 872
1517156718.872332072 0.0830163 -0.0997362 3.26316 0 2018-01-29 00:25:18 872
1517156719.872319643 0.0830163 -0.0997362 3.26316 0 2018-01-29 00:25:19 872
1517156720.872359455 0.0830163 -0.0997362 3.15789 0 2018-01-29 00:25:20 872
1517156721.872333223 0.0830163 -0.0997362 3.15789 0 2018-01-29 00:25:21 872
1517156722.872273709 0.0830163 -0.0997362 2.84211 0 2018-01-29 00:25:22 872
1517156723.872306073 0.0757623 -0.100287 2.84211 0 2018-01-29 00:25:23 872
1517156724.872339166 -0.0126461 -0.105768 2.10526 0 2018-01-29 00:25:24 872
1517156725.872549086 -0.0721118 -0.135787 2.10526 0 2018-01-29 00:25:25 872
1517156726.872650410 -0.154305 -0.142177 1.89474 0 2018-01-29 00:25:26 872
1517156727.872305628 -0.225971 -0.146422 1.89474 0 2018-01-29 00:25:27 872
1517156728.872322991 -0.269676 -0.14777 1.57895 0 2018-01-29 00:25:28 872
1517156729.872314156 -0.353708 -0.147567 1.57895 0 2018-01-29 00:25:29 872
1517156730.872346884 -0.427463 -0.15666 1.15789 0 2018-01-29 00:25:30 872
1517156731.872427530 -0.498609 -0.189926 1.15789 0 2018-01-29 00:25:31 872
1517156732.872305098 -0.531927 -0.270759 0.736842 0 2018-01-29 00:25:32 872
1517156733.872306524 -0.579687 -0.3279 0.736842 0 2018-01-29 00:25:33 872
1517156734.872321126 -0.6136 -0.406098 0.421053 0 2018-01-29 00:25:34 872
1517156735.872421356 -0.573434 -0.501258 0.421053 0 2018-01-29 00:25:35 872
1517156736.872248663 -0.54897 -0.581366 0.315789 0 2018-01-29 00:25:36 872
1517156737.873478713 -0.506853 -0.641497 0.315789 0 2018-01-29 00:25:37 872
1517156738.872330422 -0.448671 -0.680637 0.736842 0 2018-01-29 00:25:38 872
1517156739.872307367 -0.384906 -0.701414 0.736842 0 2018-01-29 00:25:39 872
1517156740.872397388 -0.334981 -0.718167 0.631579 0 2018-01-29 00:25:40 872
1517156741.872489441 -0.256336 -0.746698 0.631579 0 2018-01-29 00:25:41 872
1517156742.872574098 -0.188201 -0.770699 0.842105 0 2018-01-29 00:25:42 872
1517156743.872466353 -0.095556 -0.751174 0.842105 0 2018-01-29 00:25:43 872
1517156744.872333869 -0.0142815 -0.779929 0.947368 0 2018-01-29 00:25:44 872
1517156745.872320554 0.0623565 -0.808532 0.947368 0 2018-01-29 00:25:45 872
1517156746.872333126 0.144314 -0.83995 1.26316 0 2018-01-29 00:25:46 872
1517156747.872319134 0.197367 -0.860404 1.26316 0 2018-01-29 00:25:47 872
1517156748.872343737 0.199642 -0.861263 1.47368 0 2018-01-29 00:25:48 872
1517156749.872444488 0.24958 -0.882478 1.47368 0 2018-01-29 00:25:49 872
1517156750.872329608 0.274538 -0.894095 1.89474 0 2018-01-29 00:25:50 872
1517156751.872309314 0.323706 -0.910314 1.89474 0 2018-01-29 00:25:51 872
1517156752.872348293 0.323439 -0.910275 1.68421 0 2018-01-29 00:25:52 872
1517156753.872408886 0.372495 -0.916498 1.68421 0 2018-01-29 00:25:53 872
1517156754.872337601 0.395275 -0.915849 1.57895 0 2018-01-29 00:25:54 872
1517156755.872268400 0.404176 -0.888659 1.57895 0 2018-01-29 00:25:55 872
1517156756.872332170 0.473922 -0.870116 2 0 2018-01-29 00:25:56 872
1517156757.872484381 0.503999 -0.854897 2 0 2018-01-29 00:25:57 872
1517156758.872344292 0.504012 -0.854933 2.31579 0 2018-01-29 00:25:58 872
1517156759.872365145 0.53086 -0.832018 2.31579 0 2018-01-29 00:25:59 872
1517156760.872869552 0.542182 -0.741599 2.10526 0 2018-01-29 00:26:00 872
1517156761.872300181 0.548707 -0.725943 2.10526 0 2018-01-29 00:26:01 872
1517156762.872329472 0.553771 -0.712307 2.10526 0 2018-01-29 00:26:02 872
1517156763.872324074 0.579454 -0.640495 2.10526 0 2018-01-29 00:26:03 872
1517156764.872398158 0.581078 -0.634605 3.15789 0 2018-01-29 00:26:04 872
1517156765.872299945 0.600375 -0.563999 3.15789 0 2018-01-29 00:26:05 872
1517156766.872369289 0.601084 -0.561529 7.47368 0 2018-01-29 00:26:06 872
1517156767.872442226 0.601086 -0.56153 7.47368 0 2018-01-29 00:26:07 872
1517156768.872396411 0.601085 -0.561532 16.5263 0 2018-01-29 00:26:08 872
1517156769.872376013 0.601086 -0.56153 16.5263 0 2018-01-29 00:26:09 872
1517156770.872335822 0.601086 -0.561531 24.6316 0 2018-01-29 00:26:10 872
1517156771.872285059 0.601086 -0.561531 24.6316 0 2018-01-29 00:26:11 872
1517156772.872326381 0.601086 -0.561531 26.1053 0 2018-01-29 00:26:12 872
1517156773.872305358 0.601086 -0.561531 26.1053 0 2018-01-29 00:26:13 872
1517156774.872347669 0.604112 -0.550796 24 0 2018-01-29 00:26:14 872
1517156775.872394408 0.604111 -0.550798 24 0 2018-01-29 00:26:15 872
1517156776.872258695 0.604112 -0.550796 32.7368 0 2018-01-29 00:26:16 872
1517156777.872314028 0.604112 -0.550795 32.7368 0 2018-01-29 00:26:17 872
1517156778.872345037 0.605234 -0.546847 40.3158 0 2018-01-29 00:26:18 872
1517156779.872322660 0.623421 -0.484911 40.3158 0 2018-01-29 00:26:19 872
1517156780.872352627 0.623385 -0.485029 216.053 0 2018-01-29 00:26:20 872
1517156781.872317073 0.623385 -0.485028 216.053 0 2018-01-29 00:26:21 872
1517156782.872334748 0.623384 -0.485029 258.553 0 2018-01-29 00:26:22 872
1517156783.872315236 0.623384 -0.485029 258.553 0 2018-01-29 00:26:23 872
1517156784.872325099 0.623384 -0.48503 304.421 0 2018-01-29 00:26:24 872
1517156785.872325430 0.623384 -0.485029 304.421 0 2018-01-29 00:26:25 872
1517156786.872371075 0.623384 -0.485029 299.895 0 2018-01-29 00:26:26 872
1517156787.872385574 0.623384 -0.485029 299.895 0 2018-01-29 00:26:27 872
1517156788.872353196 0.636772 -0.440658 293.474 0 2018-01-29 00:26:28 872
1517156789.872311027 0.641831 -0.424812 293.474 0 2018-01-29 00:26:29 872
1517156790.872363026 0.64183 -0.424814 290.947 0 2018-01-29 00:26:30 872
1517156791.872379087 0.641829 -0.424814 290.947 0 2018-01-29 00:26:31 872
1517156792.872328272 0.641829 -0.424816 284.316 0 2018-01-29 00:26:32 872
1517156793.872324020 0.641829 -0.424815 284.316 0 2018-01-29 00:26:33 872
1517156794.872333623 0.641829 -0.424816 282.842 0 2018-01-29 00:26:34 872
1517156795.872724068 0.655606 -0.382313 282.842 0 2018-01-29 00:26:35 872
1517156796.872343140 0.66541 -0.352647 279.789 0 2018-01-29 00:26:36 872
1517156797.872309408 0.665411 -0.352644 279.789 0 2018-01-29 00:26:37 872
1517156798.872333699 0.665993 -0.350865 258.737 0 2018-01-29 00:26:38 872
1517156799.872325957 0.69083 -0.277367 258.737 0 2018-01-29 00:26:39 872
1517156800.872368529 0.691035 -0.276791 64.2105 0 2018-01-29 00:26:40 872
1517156801.872315943 0.691039 -0.276778 64.2105 0 2018-01-29 00:26:41 872
1517156802.872332941 0.691038 -0.276781 42.4561 0 2018-01-29 00:26:42 872
1517156803.872324575 0.69104 -0.276776 42.4561 0 2018-01-29 00:26:43 872
1517156804.872332042 0.691039 -0.276776 39.6842 0 2018-01-29 00:26:44 872
1517156805.872334978 0.697356 -0.25874 39.6842 0 2018-01-29 00:26:45 872
1517156806.872349112 0.719145 -0.199638 14.2105 0 2018-01-29 00:26:46 872
1517156807.872315328 0.719144 -0.199635 14.2105 0 2018-01-29 00:26:47 872
1517156808.872327639 0.719144 -0.199633 8.77193 0 2018-01-29 00:26:48 872
1517156809.872296876 0.719143 -0.199635 8.77193 0 2018-01-29 00:26:49 872
1517156810.872345490 0.721829 -0.19255 7.89474 0 2018-01-29 00:26:50 872
1517156811.872243996 0.750434 -0.117907 7.89474 0 2018-01-29 00:26:51 872
1517156812.872373966 0.722324 -0.0431182 6.94737 0 2018-01-29 00:26:52 872
1517156813.872318984 0.754036 0.0327515 6.94737 0 2018-01-29 00:26:53 872
1517156814.872361452 0.786157 0.105216 6.10526 0 2018-01-29 00:26:54 872
1517156815.872301782 0.823025 0.181788 6.10526 0 2018-01-29 00:26:55 872
1517156816.872325916 0.858872 0.253498 2.42105 0 2018-01-29 00:26:56 872
1517156817.872530003 0.897497 0.328371 2.42105 0 2018-01-29 00:26:57 872
1517156818.872413092 0.936085 0.400935 0.631579 0 2018-01-29 00:26:58 872
1517156819.872307535 0.977957 0.47683 0.631579 0 2018-01-29 00:26:59 872
1517156820.872328075 1.01752 0.547657 0.526316 0 2018-01-29 00:27:00 872
1517156821.872313615 1.08849 0.62904 0.526316 0 2018-01-29 00:27:01 872
1517156822.872539785 1.13091 0.697638 0.526316 0 2018-01-29 00:27:02 872
1517156823.872308705 1.13654 0.706558 0.526316 0 2018-01-29 00:27:03 872
1517156824.872357371 1.16895 0.742366 0.631579 0 2018-01-29 00:27:04 872
1517156825.872304785 1.23969 0.783868 0.631579 0 2018-01-29 00:27:05 872
1517156826.872263448 1.31553 0.796158 0.210526 0 2018-01-29 00:27:06 872
1517156827.872319510 1.40841 0.750385 0.210526 0 2018-01-29 00:27:07 872
1517156828.873025954 1.47223 0.693597 0.315789 0 2018-01-29 00:27:08 872
1517156829.872305954 1.49648 0.633186 0.315789 0 2018-01-29 00:27:09 872
1517156830.872428372 1.49655 0.633256 0.421053 0 2018-01-29 00:27:10 872
1517156831.872301774 1.49656 0.633282 0.421053 0 2018-01-29 00:27:11 872
1517156832.872298824 1.49657 0.633288 0.631579 0 2018-01-29 00:27:12 872
1517156833.872262436 1.49657 0.633289 0.631579 0 2018-01-29 00:27:13 872
1517156834.872333967 1.49657 0.633291 0.736842 0 2018-01-29 00:27:14 872
1517156835.872241952 1.49657 0.633289 0.736842 0 2018-01-29 00:27:15 872
1517156836.872339474 1.49657 0.633289 0.736842 0 2018-01-29 00:27:16 872
1517156837.872514393 1.49657 0.633289 0.736842 0 2018-01-29 00:27:17 872
1517156838.872349981 1.49657 0.633289 0.736842 0 2018-01-29 00:27:18 872
1517156839.872316666 1.49657 0.633289 0.736842 0 2018-01-29 00:27:19 872
1517156840.872342883 1.49657 0.633289 0.526316 0 2018-01-29 00:27:20 872
1517156841.872323319 1.49657 0.633289 0.526316 0 2018-01-29 00:27:21 872
1517156842.872325942 1.50273 0.61523 0.736842 0 2018-01-29 00:27:22 872
1517156843.872330440 1.50638 0.555168 0.736842 0 2018-01-29 00:27:23 872
1517156844.872328688 1.49079 0.46385 0.736842 0 2018-01-29 00:27:24 872
1517156845.872312092 1.47152 0.40576 0.736842 0 2018-01-29 00:27:25 872
1517156846.872327320 1.4418 0.329186 0.842105 0 2018-01-29 00:27:26 872
1517156847.872325360 1.42403 0.29496 0.842105 0 2018-01-29 00:27:27 872
1517156848.872364859 1.38891 0.243253 0.736842 0 2018-01-29 00:27:28 872
1517156849.872337742 1.31399 0.161714 0.736842 0 2018-01-29 00:27:29 872
1517156850.872348855 1.25814 0.0967534 1.15789 0 2018-01-29 00:27:30 872
1517156851.872421324 1.21242 0.0455389 1.15789 0 2018-01-29 00:27:31 872
1517156852.872359206 1.21224 0.0453305 3.36842 0 2018-01-29 00:27:32 872
1517156853.872317713 1.21225 0.045331 3.36842 0 2018-01-29 00:27:33 872
1517156854.872391693 1.19401 0.0253267 10 0 2018-01-29 00:27:34 872
1517156855.872302230 1.14497 -0.0270334 10 0 2018-01-29 00:27:35 872
1517156856.872335271 1.14484 -0.02718 19.7895 0 2018-01-29 00:27:36 872
1517156857.872299925 1.14483 -0.0271837 19.7895 0 2018-01-29 00:27:37 872
1517156858.872409634 1.14483 -0.0271836 25.5789 0 2018-01-29 00:27:38 872
1517156859.872307879 1.14483 -0.0271829 25.5789 0 2018-01-29 00:27:39 872
1517156860.872322691 1.14483 -0.0271827 31.6842 0 2018-01-29 00:27:40 872
1517156861.872377919 1.14483 -0.0271825 31.6842 0 2018-01-29 00:27:41 872
1517156862.872534140 1.14484 -0.0271825 29.5789 0 2018-01-29 00:27:42 872
1517156863.872835573 1.11595 -0.0576517 29.5789 0 2018-01-29 00:27:43 872
1517156864.872419227 1.06506 -0.110063 30.4211 0 2018-01-29 00:27:44 872
1517156865.872291274 1.06476 -0.110366 30.4211 0 2018-01-29 00:27:45 872
1517156866.872324836 1.06476 -0.110362 32.3158 0 2018-01-29 00:27:46 872
1517156867.872300427 1.06476 -0.110364 32.3158 0 2018-01-29 00:27:47 872
1517156868.872456336 1.06477 -0.110362 36.3158 0 2018-01-29 00:27:48 872
1517156869.872472657 1.06476 -0.110364 36.3158 0 2018-01-29 00:27:49 872
1517156870.872898572 1.05518 -0.120834 39.1579 0 2018-01-29 00:27:50 872
1517156871.872304201 1.02303 -0.159789 39.1579 0 2018-01-29 00:27:51 872
1517156872.872331409 1.02305 -0.159744 38.8421 0 2018-01-29 00:27:52 872
1517156873.872542631 1.02305 -0.159744 38.8421 0 2018-01-29 00:27:53 872
1517156874.872405251 1.02305 -0.159742 40.4211 0 2018-01-29 00:27:54 872
1517156875.872376519 1.02305 -0.159742 40.4211 0 2018-01-29 00:27:55 872
1517156876.872334870 0.985724 -0.206219 43.7895 0 2018-01-29 00:27:56 872
1517156877.872299628 0.938401 -0.262661 43.7895 0 2018-01-29 00:27:57 872
1517156878.872325377 0.936783 -0.264593 45.4737 0 2018-01-29 00:27:58 872
1517156879.872431596 0.936779 -0.264598 45.4737 0 2018-01-29 00:27:59 872
1517156880.872333071 0.93678 -0.264598 50.1053 0 2018-01-29 00:28:00 872
1517156881.872301892 0.906398 -0.300717 50.1053 0 2018-01-29 00:28:01 872
1517156882.872341495 0.87237 -0.388274 55.7895 0 2018-01-29 00:28:02 872
1517156883.872313961 0.860246 -0.400906 55.7895 0 2018-01-29 00:28:03 872
1517156884.872333252 0.860254 -0.4009 63.0526 0 2018-01-29 00:28:04 872
1517156885.872889639 0.860245 -0.40091 63.0526 0 2018-01-29 00:28:05 872
1517156886.872353030 0.860244 -0.400912 69.6842 0 2018-01-29 00:28:06 872
1517156887.872315287 0.860244 -0.400911 69.6842 0 2018-01-29 00:28:07 872
1517156888.872496040 0.860245 -0.400911 73.3684 0 2018-01-29 00:28:08 872
1517156889.872391161 0.860245 -0.400911 73.3684 0 2018-01-29 00:28:09 872
1517156890.872515297 0.860245 -0.400911 72.1053 0 2018-01-29 00:28:10 872
1517156891.872634747 0.852761 -0.408752 72.1053 0 2018-01-29 00:28:11 872
1517156892.872535701 0.795874 -0.466966 73.3684 0 2018-01-29 00:28:12 872
1517156893.872303735 0.792997 -0.469841 73.3684 0 2018-01-29 00:28:13 872
1517156894.872326879 0.792997 -0.469842 74 0 2018-01-29 00:28:14 872
1517156895.872324554 0.792996 -0.469844 74 0 2018-01-29 00:28:15 872
1517156896.872315927 0.792996 -0.469844 79.4737 0 2018-01-29 00:28:16 872
1517156897.872314436 0.792996 -0.469843 79.4737 0 2018-01-29 00:28:17 872
1517156898.872348570 0.762501 -0.499904 81.5789 0 2018-01-29 00:28:18 872
1517156899.872446092 0.731963 -0.529018 81.5789 0 2018-01-29 00:28:19 872
1517156900.872332931 0.731962 -0.529022 86.4211 0 2018-01-29 00:28:20 872
1517156901.872319304 0.731962 -0.529022 86.4211 0 2018-01-29 00:28:21 872
1517156902.872340678 0.731961 -0.529023 90.8421 0 2018-01-29 00:28:22 872
1517156903.872615131 0.731961 -0.529023 90.8421 0 2018-01-29 00:28:23 872
1517156904.872336445 0.731962 -0.529023 93.7895 0 2018-01-29 00:28:24 872
1517156905.872298077 0.731961 -0.529023 93.7895 0 2018-01-29 00:28:25 872
1517156906.872344243 0.731961 -0.529023 98.2105 0 2018-01-29 00:28:26 872
1517156907.872331710 0.731961 -0.529023 98.2105 0 2018-01-29 00:28:27 872
1517156908.872300478 0.731961 -0.529023 99.5789 0 2018-01-29 00:28:28 872
1517156909.872304872 0.72987 -0.531007 99.5789 0 2018-01-29 00:28:29 872
1517156910.872345465 0.679076 -0.579206 99.2632 0 2018-01-29 00:28:30 872
1517156911.872315692 0.676265 -0.581843 99.2632 0 2018-01-29 00:28:31 872
1517156912.872350347 0.676266 -0.581844 31.5789 0 2018-01-29 00:28:32 872
1517156913.872323907 0.676265 -0.581844 31.5789 0 2018-01-29 00:28:33 872
1517156914.872330593 0.676265 -0.581845 24.386 0 2018-01-29 00:28:34 872
1517156915.872303841 0.676265 -0.581845 24.386 0 2018-01-29 00:28:35 872
1517156916.872331100 0.676265 -0.581844 24.2105 0 2018-01-29 00:28:36 872
1517156917.872310441 0.662989 -0.594207 24.2105 0 2018-01-29 00:28:37 872
1517156918.872470465 0.60841 -0.64359 22.6316 0 2018-01-29 00:28:38 872
1517156919.872302302 0.60845 -0.643556 22.6316 0 2018-01-29 00:28:39 872
1517156920.872401438 0.608452 -0.643555 4.21053 0 2018-01-29 00:28:40 872
1517156921.872660318 0.608454 -0.643553 4.21053 0 2018-01-29 00:28:41 872
1517156922.872328975 0.572057 -0.676236 3.68421 0 2018-01-29 00:28:42 872
1517156923.872305868 0.511358 -0.730268 3.68421 0 2018-01-29 00:28:43 872
1517156924.872342190 0.457801 -0.776514 3.26316 0 2018-01-29 00:28:44 872
1517156925.872570340 0.450522 -0.782649 3.26316 0 2018-01-29 00:28:45 872
1517156926.872462908 0.381974 -0.839308 2 0 2018-01-29 00:28:46 872
1517156927.872362768 0.298328 -0.900159 2 0 2018-01-29 00:28:47 872
1517156928.872371642 0.235221 -0.95761 0.947368 0 2018-01-29 00:28:48 872
1517156929.872321555 0.199869 -1.01845 0.947368 0 2018-01-29 00:28:49 872
1517156930.872336367 0.182152 -1.10117 0.736842 0 2018-01-29 00:28:50 872
1517156931.872313572 0.308178 -1.2053 0.736842 0 2018-01-29 00:28:51 872
1517156932.872520211 0.349437 -1.26793 0.631579 0 2018-01-29 00:28:52 872
1517156933.872322309 0.400582 -1.31331 0.631579 0 2018-01-29 00:28:53 872
1517156934.872744109 0.477757 -1.33804 0.736842 0 2018-01-29 00:28:54 872
1517156935.872315107 0.569375 -1.28625 0.736842 0 2018-01-29 00:28:55 872
1517156936.872436796 0.64411 -1.25269 0.421053 0 2018-01-29 00:28:56 872
1517156937.872314103 0.692445 -1.18919 0.421053 0 2018-01-29 00:28:57 872
1517156938.872346519 0.710717 -1.08118 0.210526 0 2018-01-29 00:28:58 872
1517156939.872324194 0.711788 -1.03066 0.210526 0 2018-01-29 00:28:59 872
1517156940.872432445 0.678675 -0.970065 0.421053 0 2018-01-29 00:29:00 872
1517156941.872429599 0.676585 -0.943987 0.421053 0 2018-01-29 00:29:01 872
1517156942.872350814 0.682494 -0.88017 0.421053 0 2018-01-29 00:29:02 872
1517156943.872325103 0.692971 -0.793944 0.421053 0 2018-01-29 00:29:03 872
1517156944.872560493 0.703641 -0.715377 0.631579 0 2018-01-29 00:29:04 872
1517156945.872393476 0.717013 -0.629711 0.631579 0 2018-01-29 00:29:05 872
1517156946.872316306 0.718413 -0.621344 1.26316 0 2018-01-29 00:29:06 872
1517156947.872406588 0.718408 -0.621354 1.26316 0 2018-01-29 00:29:07 872
1517156948.872336657 0.718407 -0.621355 5.47368 0 2018-01-29 00:29:08 872
1517156949.872432876 0.718406 -0.621354 5.47368 0 2018-01-29 00:29:09 872
1517156950.872338570 0.718407 -0.621353 9.57895 0 2018-01-29 00:29:10 872
1517156951.872322599 0.719497 -0.613475 9.57895 0 2018-01-29 00:29:11 872
1517156952.872281419 0.715148 -0.532384 11.7895 0 2018-01-29 00:29:12 872
1517156953.872307793 0.715714 -0.526137 11.7895 0 2018-01-29 00:29:13 872
1517156954.872390262 0.715718 -0.526119 136.316 0 2018-01-29 00:29:14 872
1517156955.872449085 0.715717 -0.526127 136.316 0 2018-01-29 00:29:15 872
1517156956.872336653 0.715718 -0.526121 155.614 0 2018-01-29 00:29:16 872
1517156957.872307192 0.715718 -0.526121 155.614 0 2018-01-29 00:29:17 872
1517156958.872408568 0.715718 -0.526122 162 0 2018-01-29 00:29:18 872
1517156959.872298949 0.717904 -0.50358 162 0 2018-01-29 00:29:19 872
1517156960.872366730 0.726587 -0.421139 165.684 0 2018-01-29 00:29:20 872
1517156961.872307320 0.728193 -0.407211 165.684 0 2018-01-29 00:29:21 872
1517156962.872482135 0.728192 -0.407216 167.053 0 2018-01-29 00:29:22 872
1517156963.872304546 0.728191 -0.407216 167.053 0 2018-01-29 00:29:23 872
1517156964.872334253 0.72837 -0.405674 170 0 2018-01-29 00:29:24 872
1517156965.872335835 0.737667 -0.331052 170 0 2018-01-29 00:29:25 872
1517156966.872357260 0.748174 -0.254976 175.579 0 2018-01-29 00:29:26 872
1517156967.872316393 0.748606 -0.252146 175.579 0 2018-01-29 00:29:27 872
1517156968.872339173 0.748603 -0.252153 165.263 0 2018-01-29 00:29:28 872
1517156969.872305337 0.748874 -0.250407 165.263 0 2018-01-29 00:29:29 872
1517156970.872348378 0.760545 -0.179158 101.316 0 2018-01-29 00:29:30 872
1517156971.872481629 0.774624 -0.0998489 101.316 0 2018-01-29 00:29:31 872
1517156972.872338780 0.786433 -0.0386019 9.47368 0 2018-01-29 00:29:32 872
1517156973.872307601 0.786425 -0.0386123 9.47368 0 2018-01-29 00:29:33 872
1517156974.872312776 0.79536 0.00469033 4.21053 0 2018-01-29 00:29:34 872
1517156975.872304670 0.812525 0.082512 4.21053 0 2018-01-29 00:29:35 872
1517156976.872761419 0.832578 0.162777 3.89474 0 2018-01-29 00:29:36 872
1517156977.872310385 0.841466 0.246607 3.89474 0 2018-01-29 00:29:37 872
1517156978.872571452 0.867436 0.32586 2.21053 0 2018-01-29 00:29:38 872
1517156979.872313809 0.894342 0.403477 2.21053 0 2018-01-29 00:29:39 872
1517156980.872328151 0.92408 0.484888 1.47368 0 2018-01-29 00:29:40 872
1517156981.872377911 0.949067 0.551507 1.47368 0 2018-01-29 00:29:41 872
1517156982.872359440 0.948131 0.548977 0.842105 0 2018-01-29 00:29:42 872
1517156983.872535192 0.937995 0.516053 0.842105 0 2018-01-29 00:29:43 872
1517156984.873031526 0.936843 0.510359 0.526316 0 2018-01-29 00:29:44 872
1517156985.872312412 0.923545 0.441902 0.526316 0 2018-01-29 00:29:45 872
1517156986.872338682 0.908984 0.361402 0.631579 0 2018-01-29 00:29:46 872
1517156987.872318753 0.896526 0.278189 0.631579 0 2018-01-29 00:29:47 872
1517156988.872336116 0.89697 0.204282 0.736842 0 2018-01-29 00:29:48 872
1517156989.872308218 0.887204 0.119875 0.736842 0 2018-01-29 00:29:49 872
1517156990.872334435 0.880143 0.0408628 1.05263 0 2018-01-29 00:29:50 872
1517156991.872345184 0.874589 -0.0441765 1.05263 0 2018-01-29 00:29:51 872
1517156992.872403694 0.872285 -0.104727 1.36842 0 2018-01-29 00:29:52 872
1517156993.872317461 0.872273 -0.104754 1.36842 0 2018-01-29 00:29:53 872
1517156994.872528943 0.87227 -0.10475 3.05263 0 2018-01-29 00:29:54 872
1517156995.872453023 0.872269 -0.104746 3.05263 0 2018-01-29 00:29:55 872
1517156996.872325799 0.872269 -0.104747 4.73684 0 2018-01-29 00:29:56 872
1517156997.872321495 0.872269 -0.104747 4.73684 0 2018-01-29 00:29:57 872
1517156998.872320264 0.872269 -0.104747 6.21053 0 2018-01-29 00:29:58 872
1517156999.872306064 0.872269 -0.104747 6.21053 0 2018-01-29 00:29:59 872
1517157000.872341136 0.872269 -0.104747 6.42105 0 2018-01-29 00:30:00 872
1517157001.872314488 0.872271 -0.104668 6.42105 0 2018-01-29 00:30:01 872
1517157002.872453052 0.870983 -0.174343 6.73684 0 2018-01-29 00:30:02 872
1517157003.872399111 0.870819 -0.199413 6.73684 0 2018-01-29 00:30:03 872
1517157004.872336941 0.870817 -0.199436 67.8947 0 2018-01-29 00:30:04 872
1517157005.872323418 0.870817 -0.199433 67.8947 0 2018-01-29 00:30:05 872
1517157006.872325625 0.870817 -0.199433 84.5614 0 2018-01-29 00:30:06 872
1517157007.872301268 0.870838 -0.206061 84.5614 0 2018-01-29 00:30:07 872
1517157008.872337955 0.871817 -0.285433 82.6316 0 2018-01-29 00:30:08 872
1517157009.872300473 0.872561 -0.315078 82.6316 0 2018-01-29 00:30:09 872
1517157010.872327107 0.872555 -0.315078 89.2632 0 2018-01-29 00:30:10 872
1517157011.872302959 0.872553 -0.315073 89.2632 0 2018-01-29 00:30:11 872
1517157012.872327510 0.872552 -0.315074 93.5789 0 2018-01-29 00:30:12 872
1517157013.872305914 0.872553 -0.315078 93.5789 0 2018-01-29 00:30:13 872
1517157014.872681984 0.872552 -0.315077 94.3158 0 2018-01-29 00:30:14 872
1517157015.872317931 0.87349 -0.330158 94.3158 0 2018-01-29 00:30:15 872
1517157016.872425036 0.87722 -0.390702 86.6316 0 2018-01-29 00:30:16 872
1517157017.872312605 0.90375 -0.414277 86.6316 0 2018-01-29 00:30:17 872
1517157018.872337676 0.90375 -0.414279 87.3684 0 2018-01-29 00:30:18 872
1517157019.872297903 0.90375 -0.41428 87.3684 0 2018-01-29 00:30:19 872
1517157020.872322193 0.90375 -0.41428 88.4211 0 2018-01-29 00:30:20 872
1517157021.872309660 0.90375 -0.414281 88.4211 0 2018-01-29 00:30:21 872
1517157022.872321398 0.90375 -0.41428 92 0 2018-01-29 00:30:22 872
1517157023.872327302 0.903868 -0.415458 92 0 2018-01-29 00:30:23 872
1517157024.872477325 0.906953 -0.48136 87.8947 0 2018-01-29 00:30:24 872
1517157025.872310986 0.906958 -0.481676 87.8947 0 2018-01-29 00:30:25 872
1517157026.872413143 0.90696 -0.48168 88.3158 0 2018-01-29 00:30:26 872
1517157027.872328889 0.90696 -0.481679 88.3158 0 2018-01-29 00:30:27 872
1517157028.872332762 0.90696 -0.481678 93.7895 0 2018-01-29 00:30:28 872
1517157029.872298666 0.90696 -0.481678 93.7895 0 2018-01-29 00:30:29 872
1517157030.872404938 0.911379 -0.524376 92.7368 0 2018-01-29 00:30:30 872
1517157031.872254172 0.922687 -0.604055 92.7368 0 2018-01-29 00:30:31 872
1517157032.872328984 0.924248 -0.613467 89.7895 0 2018-01-29 00:30:32 872
1517157033.872307388 0.924244 -0.613467 89.7895 0 2018-01-29 00:30:33 872
1517157034.872327772 0.924242 -0.613462 45.7895 0 2018-01-29 00:30:34 872
1517157035.872534307 0.924243 -0.613468 45.7895 0 2018-01-29 00:30:35 872
1517157036.872336248 0.924243 -0.613469 41.9737 0 2018-01-29 00:30:36 872
1517157037.872307881 0.924243 -0.613469 41.9737 0 2018-01-29 00:30:37 872
1517157038.872385506 0.925646 -0.62198 36.6316 0 2018-01-29 00:30:38 872
1517157039.872325524 0.925798 -0.622896 36.6316 0 2018-01-29 00:30:39 872
1517157040.872534975 0.931228 -0.654925 32.7368 0 2018-01-29 00:30:40 872
1517157041.872313009 0.936898 -0.688735 32.7368 0 2018-01-29 00:30:41 872
1517157042.872344383 0.937611 -0.693066 26.9474 0 2018-01-29 00:30:42 872
1517157043.872313099 0.937529 -0.727566 26.9474 0 2018-01-29 00:30:43 872
1517157044.872332077 0.937551 -0.727566 4.21053 0 2018-01-29 00:30:44 872
1517157045.872318763 0.936399 -0.735541 4.21053 0 2018-01-29 00:30:45 872
1517157046.873064113 0.937719 -0.812141 4.21053 0 2018-01-29 00:30:46 872
1517157047.872311040 0.959513 -0.853912 4.21053 0 2018-01-29 00:30:47 872
1517157048.872407780 0.959505 -0.853901 3.15789 0 2018-01-29 00:30:48 872
1517157049.872762704 0.959507 -0.855902 3.15789 0 2018-01-29 00:30:49 872
1517157050.872262033 0.957557 -0.925576 2.21053 0 2018-01-29 00:30:50 872
1517157051.872302835 0.954974 -1.00708 2.21053 0 2018-01-29 00:30:51 872
1517157052.872324625 0.953954 -1.08961 1.78947 0 2018-01-29 00:30:52 872
1517157053.872310269 0.953162 -1.17567 1.78947 0 2018-01-29 00:30:53 872
1517157054.872593003 0.954297 -1.25566 1.47368 0 2018-01-29 00:30:54 872
1517157055.872232180 0.956279 -1.30178 1.47368 0 2018-01-29 00:30:55 872
1517157056.872348348 0.955764 -1.28896 1.05263 0 2018-01-29 00:30:56 872
1517157057.872318314 0.960262 -1.23443 1.05263 0 2018-01-29 00:30:57 872
1517157058.872340781 0.968732 -1.20632 0.736842 0 2018-01-29 00:30:58 872
1517157059.872372676 0.97164 -1.19833 0.736842 0 2018-01-29 00:30:59 872
1517157060.872556919 1.03743 -1.15013 0.842105 0 2018-01-29 00:31:00 872
1517157061.872331151 1.06458 -1.0703 0.842105 0 2018-01-29 00:31:01 872
1517157062.872328357 1.08389 -1.01036 0.842105 0 2018-01-29 00:31:02 872
1517157063.872306813 1.08413 -1.00936 0.842105 0 2018-01-29 00:31:03 872
1517157064.872336104 1.08616 -0.997284 0.842105 0 2018-01-29 00:31:04 872
1517157065.872257006 1.09315 -0.935733 0.842105 0 2018-01-29 00:31:05 872
1517157066.872335256 1.10378 -0.855674 0.947368 0 2018-01-29 00:31:06 872
1517157067.872316212 1.11185 -0.798095 0.947368 0 2018-01-29 00:31:07 872
1517157068.872344513 1.11185 -0.798082 1.89474 0 2018-01-29 00:31:08 872
1517157069.872287656 1.11185 -0.798089 1.89474 0 2018-01-29 00:31:09 872
1517157070.872330853 1.11193 -0.797495 2.63158 0 2018-01-29 00:31:10 872
1517157071.872316549 1.12339 -0.722813 2.63158 0 2018-01-29 00:31:11 872
1517157072.872397039 1.12771 -0.696787 3.26316 0 2018-01-29 00:31:12 872
1517157073.872294503 1.12771 -0.696797 3.26316 0 2018-01-29 00:31:13 872
1517157074.872329106 1.12771 -0.696781 10.8421 0 2018-01-29 00:31:14 872
1517157075.872315323 1.12781 -0.696187 10.8421 0 2018-01-29 00:31:15 872
1517157076.872325498 1.13932 -0.629254 19.6842 0 2018-01-29 00:31:16 872
1517157077.872322861 1.15088 -0.570098 19.6842 0 2018-01-29 00:31:17 872
1517157078.872341995 1.15088 -0.570067 31.8947 0 2018-01-29 00:31:18 872
1517157079.872316389 1.15088 -0.570068 31.8947 0 2018-01-29 00:31:19 872
1517157080.872332345 1.15088 -0.57007 42.9474 0 2018-01-29 00:31:20 872
1517157081.872327677 1.15088 -0.570073 42.9474 0 2018-01-29 00:31:21 872
1517157082.872331081 1.15088 -0.57007 53.0526 0 2018-01-29 00:31:22 872
1517157083.872299850 1.15088 -0.570071 53.0526 0 2018-01-29 00:31:23 872
1517157084.872512374 1.15088 -0.57007 53.3684 0 2018-01-29 00:31:24 872
1517157085.872301242 1.15678 -0.541061 53.3684 0 2018-01-29 00:31:25 872
1517157086.872346158 1.17055 -0.476645 51.8947 0 2018-01-29 00:31:26 872
1517157087.872326072 1.13676 -0.46656 51.8947 0 2018-01-29 00:31:27 872
1517157088.872349946 1.13676 -0.466567 54.4211 0 2018-01-29 00:31:28 872
1517157089.872314027 1.13676 -0.466557 54.4211 0 2018-01-29 00:31:29 872
1517157090.872425871 1.13676 -0.466558 52.9474 0 2018-01-29 00:31:30 872
1517157091.872316773 1.13676 -0.466558 52.9474 0 2018-01-29 00:31:31 872
1517157092.872358356 1.13923 -0.456012 50.5263 0 2018-01-29 00:31:32 872
1517157093.872331291 1.15892 -0.37425 50.5263 0 2018-01-29 00:31:33 872
1517157094.872309330 1.17307 -0.320754 47.0526 0 2018-01-29 00:31:34 872
1517157095.872310912 1.17307 -0.320744 47.0526 0 2018-01-29 00:31:35 872
1517157096.872321504 1.17307 -0.320749 49.7895 0 2018-01-29 00:31:36 872
1517157097.872317669 1.17307 -0.32075 49.7895 0 2018-01-29 00:31:37 872
1517157098.872345970 1.17307 -0.320746 49.7895 0 2018-01-29 00:31:38 872
1517157099.872310050 1.17307 -0.320747 49.7895 0 2018-01-29 00:31:39 872
1517157100.872341372 1.18883 -0.261641 47.5789 0 2018-01-29 00:31:40 872
1517157101.872328839 1.21117 -0.183841 47.5789 0 2018-01-29 00:31:41 872
1517157102.872334275 1.21425 -0.173293 45.3684 0 2018-01-29 00:31:42 872
1517157103.872314710 1.21425 -0.173293 45.3684 0 2018-01-29 00:31:43 872
1517157104.872324625 1.21425 -0.173292 42.1053 0 2018-01-29 00:31:44 872
1517157105.872387302 1.2144 -0.172745 42.1053 0 2018-01-29 00:31:45 872
1517157106.872323882 1.23396 -0.105363 41.4737 0 2018-01-29 00:31:46 872
1517157107.872397288 1.23876 -0.0898725 41.4737 0 2018-01-29 00:31:47 872
1517157108.872410224 1.23876 -0.0898775 40 0 2018-01-29 00:31:48 872
1517157109.872320657 1.23877 -0.0898691 40 0 2018-01-29 00:31:49 872
1517157110.872324531 1.23877 -0.0898676 37.2632 0 2018-01-29 00:31:50 872
1517157111.872316997 1.24419 -0.07183 37.2632 0 2018-01-29 00:31:51 872
1517157112.872481344 1.26829 0.00533383 36 0 2018-01-29 00:31:52 872
1517157113.872308962 1.26883 0.0069483 36 0 2018-01-29 00:31:53 872
1517157114.872351482 1.26883 0.00695364 9.47368 0 2018-01-29 00:31:54 872
1517157115.872316344 1.26928 0.00832989 9.47368 0 2018-01-29 00:31:55 872
1517157116.872325687 1.28139 0.0687853 6.57895 0 2018-01-29 00:31:56 872
1517157117.872302215 1.28917 0.140217 6.57895 0 2018-01-29 00:31:57 872
1517157118.872549584 1.29348 0.178306 3.47368 0 2018-01-29 00:31:58 872
1517157119.872328348 1.26667 0.19902 3.47368 0 2018-01-29 00:31:59 872
1517157120.872337846 1.26668 0.199021 2.84211 0 2018-01-29 00:32:00 872
1517157121.872370106 1.27201 0.244051 2.84211 0 2018-01-29 00:32:01 872
1517157122.872330957 1.2812 0.316902 1.89474 0 2018-01-29 00:32:02 872
1517157123.872558326 1.28137 0.318153 1.89474 0 2018-01-29 00:32:03 872
1517157124.872324172 1.28691 0.358468 1.47368 0 2018-01-29 00:32:04 872
1517157125.872316691 1.2996 0.444041 1.47368 0 2018-01-29 00:32:05 872
1517157126.872334002 1.31119 0.514811 1.68421 0 2018-01-29 00:32:06 872
1517157127.872314333 1.32629 0.600945 1.68421 0 2018-01-29 00:32:07 872
1517157128.872333623 1.34097 0.679324 1.15789 0 2018-01-29 00:32:08 872
1517157129.872323694 1.35889 0.759887 1.15789 0 2018-01-29 00:32:09 872
1517157130.872338349 1.37202 0.816349 1.05263 0 2018-01-29 00:32:10 872
1517157131.872325034 1.36829 0.799591 1.05263 0 2018-01-29 00:32:11 872
1517157132.872329637 1.36589 0.712302 0.947368 0 2018-01-29 00:32:12 872
1517157133.872313145 1.38235 0.748208 0.947368 0 2018-01-29 00:32:13 872
1517157134.872478116 1.39287 0.714162 0.736842 0 2018-01-29 00:32:14 872
1517157135.872320058 1.41669 0.636818 0.736842 0 2018-01-29 00:32:15 872
1517157136.872380704 1.44415 0.557694 0.736842 0 2018-01-29 00:32:16 872
1517157137.872305565 1.47462 0.478878 0.736842 0 2018-01-29 00:32:17 872
1517157138.872318813 1.50645 0.404557 0.421053 0 2018-01-29 00:32:18 872
1517157139.872303103 1.51374 0.388656 0.421053 0 2018-01-29 00:32:19 872
1517157140.872340831 1.51744 0.379936 0.421053 0 2018-01-29 00:32:20 872
1517157141.872322673 1.51801 0.378357 0.421053 0 2018-01-29 00:32:21 872
1517157142.872347901 1.51882 0.376084 0.736842 0 2018-01-29 00:32:22 872
1517157143.872301252 1.5523 0.286037 0.736842 0 2018-01-29 00:32:23 872
1517157144.872322834 1.58091 0.211231 0.947368 0 2018-01-29 00:32:24 872
1517157145.872298790 1.60651 0.146568 0.947368 0 2018-01-29 00:32:25 872
1517157146.872990805 1.61358 0.117288 2.73684 0 2018-01-29 00:32:26 872
1517157147.872555501 1.60524 0.0735726 2.73684 0 2018-01-29 00:32:27 872
1517157148.872313483 1.61426 0.00575081 7.89474 0 2018-01-29 00:32:28 872
1517157149.872313189 1.62309 -0.0476752 7.89474 0 2018-01-29 00:32:29 872
1517157150.872332219 1.63128 -0.0855131 14.9474 0 2018-01-29 00:32:30 872
1517157151.872325050 1.65361 -0.164451 14.9474 0 2018-01-29 00:32:31 872
1517157152.872344237 1.66044 -0.185824 18.6316 0 2018-01-29 00:32:32 872
1517157153.872303473 1.66044 -0.185835 18.6316 0 2018-01-29 00:32:33 872
1517157154.872455007 1.66043 -0.185831 22.5263 0 2018-01-29 00:32:34 872
1517157155.872311689 1.66043 -0.185831 22.5263 0 2018-01-29 00:32:35 872
1517157156.872471347 1.66043 -0.185833 21.0526 0 2018-01-29 00:32:36 872
1517157157.872685226 1.66161 -0.189341 21.0526 0 2018-01-29 00:32:37 872
1517157158.872324975 1.6923 -0.264889 19.4737 0 2018-01-29 00:32:38 872
1517157159.872323171 1.70377 -0.289268 19.4737 0 2018-01-29 00:32:39 872
1517157160.872593145 1.72908 -0.283644 19.4737 0 2018-01-29 00:32:40 872
1517157161.872307844 1.72908 -0.283643 19.4737 0 2018-01-29 00:32:41 872
1517157162.872479378 1.72908 -0.283646 19.0526 0 2018-01-29 00:32:42 872
1517157163.872312830 1.72904 -0.283594 19.0526 0 2018-01-29 00:32:43 872
1517157164.872600357 1.75923 -0.343537 17.7895 0 2018-01-29 00:32:44 872
1517157165.872305889 1.75929 -0.343715 17.7895 0 2018-01-29 00:32:45 872
1517157166.872333982 1.75929 -0.343713 19.3684 0 2018-01-29 00:32:46 872
1517157167.872606977 1.76655 -0.38194 19.3684 0 2018-01-29 00:32:47 872
1517157168.872325426 1.76552 -0.406171 18.7368 0 2018-01-29 00:32:48 872
1517157169.872308726 1.78343 -0.397501 18.7368 0 2018-01-29 00:32:49 872
1517157170.872332339 1.78281 -0.401127 18.2105 0 2018-01-29 00:32:50 872
1517157171.872241783 1.77304 -0.490357 18.2105 0 2018-01-29 00:32:51 872
1517157172.872424150 1.76909 -0.570365 16.8421 0 2018-01-29 00:32:52 872
1517157173.872308906 1.76886 -0.582528 16.8421 0 2018-01-29 00:32:53 872
1517157174.872331686 1.76824 -0.645453 17.0526 0 2018-01-29 00:32:54 872
1517157175.872298840 1.76879 -0.726335 17.0526 0 2018-01-29 00:32:55 872
1517157176.872325109 1.77087 -0.795956 17.6842 0 2018-01-29 00:32:56 872
1517157177.872384192 1.77093 -0.79736 17.6842 0 2018-01-29 00:32:57 872
1517157178.872339575 1.77093 -0.797354 16.5263 0 2018-01-29 00:32:58 872
1517157179.872314489 1.77093 -0.797357 16.5263 0 2018-01-29 00:32:59 872
1517157180.872335550 1.77258 -0.837445 14.8421 0 2018-01-29 00:33:00 872
1517157181.872303121 1.77742 -0.896796 14.8421 0 2018-01-29 00:33:01 872
1517157182.872594189 1.78105 -0.925306 14.5263 0 2018-01-29 00:33:02 872
1517157183.872300607 1.78104 -0.925305 14.5263 0 2018-01-29 00:33:03 872
1517157184.872335939 1.78104 -0.925302 9.68421 0 2018-01-29 00:33:04 872
1517157185.872315332 1.78326 -0.941768 9.68421 0 2018-01-29 00:33:05 872
1517157186.872352957 1.7963 -1.02805 4.31579 0 2018-01-29 00:33:06 872
1517157187.872306047 1.8054 -1.07678 4.31579 0 2018-01-29 00:33:07 872
1517157188.872384193 1.8054 -1.07679 2 0 2018-01-29 00:33:08 872
1517157189.872314679 1.80537 -1.07666 2 0 2018-01-29 00:33:09 872
1517157190.872327772 1.82087 -1.15743 1.47368 0 2018-01-29 00:33:10 872
1517157191.872346281 1.88508 -1.25051 1.47368 0 2018-01-29 00:33:11 872
1517157192.872336143 1.90901 -1.32752 0.526316 0 2018-01-29 00:33:12 872
1517157193.872646431 1.92217 -1.36652 0.526316 0 2018-01-29 00:33:13 872
1517157194.872307639 1.92215 -1.36651 0.315789 0 2018-01-29 00:33:14 872
1517157195.872306668 1.92215 -1.36651 0.315789 0 2018-01-29 00:33:15 872
1517157196.872317052 1.90529 -1.32617 0.315789 0 2018-01-29 00:33:16 872
1517157197.872301915 1.89183 -1.30342 0.315789 0 2018-01-29 00:33:17 872
1517157198.872350737 1.84144 -1.22797 0.736842 0 2018-01-29 00:33:18 872
1517157199.872517271 1.79512 -1.16114 0.736842 0 2018-01-29 00:33:19 872
1517157200.872340410 1.74958 -1.09554 1.05263 0 2018-01-29 00:33:20 872
1517157201.872291418 1.70097 -1.02383 1.05263 0 2018-01-29 00:33:21 872
1517157202.872966610 1.65729 -0.957829 1.05263 0 2018-01-29 00:33:22 872
1517157203.872321613 1.60644 -0.929212 1.05263 0 2018-01-29 00:33:23 872
1517157204.872346372 1.55939 -0.860685 1.36842 0 2018-01-29 00:33:24 872
1517157205.872310505 1.54127 -0.833881 1.36842 0 2018-01-29 00:33:25 872
1517157206.872332816 1.54127 -0.833887 2.42105 0 2018-01-29 00:33:26 872
1517157207.872321220 1.54127 -0.833893 2.42105 0 2018-01-29 00:33:27 872
1517157208.872276394 1.53097 -0.816522 4 0 2018-01-29 00:33:28 872
1517157209.872307716 1.51435 -0.753373 4 0 2018-01-29 00:33:29 872
1517157210.872340496 1.51063 -0.690687 5.36842 0 2018-01-29 00:33:30 872
1517157211.872317494 1.50791 -0.606779 5.36842 0 2018-01-29 00:33:31 872
1517157212.872328190 1.50667 -0.522644 12.4211 0 2018-01-29 00:33:32 872
1517157213.872301334 1.50659 -0.511513 12.4211 0 2018-01-29 00:33:33 872
1517157214.872311197 1.50658 -0.511513 22 0 2018-01-29 00:33:34 872
1517157215.872363873 1.50658 -0.511513 22 0 2018-01-29 00:33:35 872
1517157216.872377695 1.50658 -0.51151 27.3684 0 2018-01-29 00:33:36 872
1517157217.872304066 1.50651 -0.502417 27.3684 0 2018-01-29 00:33:37 872
1517157218.872328617 1.50687 -0.420932 29.7895 0 2018-01-29 00:33:38 872
1517157219.872306292 1.50742 -0.392742 29.7895 0 2018-01-29 00:33:39 872
1517157220.872326884 1.50742 -0.392717 28.2105 0 2018-01-29 00:33:40 872
1517157221.872310549 1.50742 -0.392728 28.2105 0 2018-01-29 00:33:41 872
1517157222.872405049 1.50742 -0.392722 28.3158 0 2018-01-29 00:33:42 872
1517157223.872305795 1.50742 -0.392721 28.3158 0 2018-01-29 00:33:43 872
1517157224.872263157 1.50884 -0.341393 26.5263 0 2018-01-29 00:33:44 872
1517157225.872253644 1.52634 -0.241881 26.5263 0 2018-01-29 00:33:45 872
1517157226.872351947 1.52875 -0.223104 26.4211 0 2018-01-29 00:33:46 872
1517157227.872303944 1.52875 -0.223106 26.4211 0 2018-01-29 00:33:47 872
1517157228.872325265 1.52875 -0.223112 24.2105 0 2018-01-29 00:33:48 872
1517157229.872320389 1.53097 -0.206174 24.2105 0 2018-01-29 00:33:49 872
1517157230.872329731 1.54339 -0.119441 23.8947 0 2018-01-29 00:33:50 872
1517157231.872300947 1.55552 -0.0400935 23.8947 0 2018-01-29 00:33:51 872
1517157232.872329144 1.55634 -0.0350891 24.5263 0 2018-01-29 00:33:52 872
1517157233.872313589 1.55634 -0.0350624 24.5263 0 2018-01-29 00:33:53 872
1517157234.872297098 1.55634 -0.0350648 23.7895 0 2018-01-29 00:33:54 872
1517157235.872321076 1.55709 -0.0304005 23.7895 0 2018-01-29 00:33:55 872
1517157236.872330105 1.5713 0.050291 22.7368 0 2018-01-29 00:33:56 872
1517157237.872317937 1.58721 0.131222 22.7368 0 2018-01-29 00:33:57 872
1517157238.872318945 1.60274 0.201681 19.3684 0 2018-01-29 00:33:58 872
1517157239.872310787 1.60384 0.206404 19.3684 0 2018-01-29 00:33:59 872
1517157240.872998427 1.60384 0.206408 1.31579 0 2018-01-29 00:34:00 872
1517157241.872297804 1.60383 0.206406 1.31579 0 2018-01-29 00:34:01 872
1517157242.872323553 1.61316 0.245994 1.97368 0 2018-01-29 00:34:02 872
1517157243.872315863 1.63299 0.324576 1.97368 0 2018-01-29 00:34:03 872
1517157244.872579430 1.65289 0.410241 1.36842 0 2018-01-29 00:34:04 872
1517157245.872323401 1.66587 0.497475 1.36842 0 2018-01-29 00:34:05 872
1517157246.872315660 1.69297 0.577363 0.736842 0 2018-01-29 00:34:06 872
1517157247.872340732 1.72117 0.656141 0.736842 0 2018-01-29 00:34:07 872
1517157248.872352365 1.73017 0.679426 0.105263 0 2018-01-29 00:34:08 872
1517157249.872318634 1.73134 0.682348 0.105263 0 2018-01-29 00:34:09 872
1517157250.872345476 1.73596 0.692121 0.210526 0 2018-01-29 00:34:10 872
1517157251.872333932 1.72938 0.679755 0.210526 0 2018-01-29 00:34:11 872
1517157252.872341348 1.69851 0.620831 0.421053 0 2018-01-29 00:34:12 872
1517157253.872407202 1.66125 0.546768 0.421053 0 2018-01-29 00:34:13 872
1517157254.872328000 1.62929 0.477583 0.421053 0 2018-01-29 00:34:14 872
1517157255.872317654 1.59581 0.398485 0.421053 0 2018-01-29 00:34:15 872
1517157256.872393560 1.5618 0.328551 0.526316 0 2018-01-29 00:34:16 872
1517157257.872305556 1.53451 0.263752 0.526316 0 2018-01-29 00:34:17 872
1517157258.872334014 1.53449 0.263703 0.736842 0 2018-01-29 00:34:18 872
1517157259.872310542 1.53157 0.256596 0.736842 0 2018-01-29 00:34:19 872
1517157260.872326135 1.5016 0.181085 0.947368 0 2018-01-29 00:34:20 872
1517157261.872326310 1.48668 0.141047 0.947368 0 2018-01-29 00:34:21 872
1517157262.872336225 1.48668 0.141041 1.47368 0 2018-01-29 00:34:22 872
1517157263.872301504 1.48566 0.138233 1.47368 0 2018-01-29 00:34:23 872
1517157264.872322305 1.45892 0.074072 2.10526 0 2018-01-29 00:34:24 872
1517157265.872300917 1.4302 0.00440319 2.10526 0 2018-01-29 00:34:25 872
1517157266.872335833 1.42992 0.0037324 4 0 2018-01-29 00:34:26 872
1517157267.872315955 1.42969 0.0031767 4 0 2018-01-29 00:34:27 872
1517157268.872334985 1.42032 -0.0169043 12.3158 0 2018-01-29 00:34:28 872
1517157269.872313962 1.40717 -0.0385384 12.3158 0 2018-01-29 00:34:29 872
1517157270.872350544 1.40718 -0.038559 24.3158 0 2018-01-29 00:34:30 872
1517157271.872401398 1.35631 -0.110092 24.3158 0 2018-01-29 00:34:31 872
1517157272.872345947 1.3396 -0.135168 28.7368 0 2018-01-29 00:34:32 872
1517157273.872298986 1.33373 -0.144959 28.7368 0 2018-01-29 00:34:33 872
1517157274.872326714 1.33337 -0.145615 29.2632 0 2018-01-29 00:34:34 872
1517157275.872310847 1.30736 -0.190801 29.2632 0 2018-01-29 00:34:35 872
1517157276.872610457 1.27115 -0.255473 30.2105 0 2018-01-29 00:34:36 872
1517157277.872266092 1.30766 -0.300939 30.2105 0 2018-01-29 00:34:37 872
1517157278.872330071 1.30563 -0.303804 35.0526 0 2018-01-29 00:34:38 872
1517157279.872299152 1.29875 -0.31225 35.0526 0 2018-01-29 00:34:39 872
1517157280.872336984 1.29068 -0.320442 35.5789 0 2018-01-29 00:34:40 872
1517157281.872482320 1.29081 -0.320286 35.5789 0 2018-01-29 00:34:41 872
1517157282.872364836 1.29081 -0.320285 36.4211 0 2018-01-29 00:34:42 872
1517157283.872353969 1.2909 -0.320206 36.4211 0 2018-01-29 00:34:43 872
1517157284.872335446 1.26225 -0.345154 34.6316 0 2018-01-29 00:34:44 872
1517157285.872303902 1.2501 -0.355739 34.6316 0 2018-01-29 00:34:45 872
1517157286.872347099 1.24415 -0.360886 36 0 2018-01-29 00:34:46 872
1517157287.872321961 1.17391 -0.418179 36 0 2018-01-29 00:34:47 872
1517157288.872343803 1.15743 -0.429102 39.8947 0 2018-01-29 00:34:48 872
1517157289.872304499 1.11517 -0.455499 39.8947 0 2018-01-29 00:34:49 872
1517157290.872524575 1.08049 -0.48433 45.1579 0 2018-01-29 00:34:50 872
1517157291.872566887 1.0848 -0.497218 45.1579 0 2018-01-29 00:34:51 872
1517157292.872352265 1.07686 -0.506604 51.0526 0 2018-01-29 00:34:52 872
1517157293.872314002 1.0695 -0.51769 51.0526 0 2018-01-29 00:34:53 872
1517157294.872370897 1.06261 -0.529734 57.1579 0 2018-01-29 00:34:54 872
1517157295.872308779 1.0297 -0.59061 57.1579 0 2018-01-29 00:34:55 872
1517157296.872345049 1.0296 -0.590813 59.7895 0 2018-01-29 00:34:56 872
1517157297.872320172 1.02966 -0.590683 59.7895 0 2018-01-29 00:34:57 872
1517157298.872490924 1.02969 -0.590612 62.3158 0 2018-01-29 00:34:58 872
1517157299.872311095 1.02521 -0.600498 62.3158 0 2018-01-29 00:34:59 872
1517157300.872346636 1.02348 -0.605467 61.5789 0 2018-01-29 00:35:00 872
1517157301.872306237 1.0169 -0.624599 61.5789 0 2018-01-29 00:35:01 872
1517157302.872335736 0.98709 -0.705222 63.3684 0 2018-01-29 00:35:02 872
1517157303.872246013 0.973078 -0.744322 63.3684 0 2018-01-29 00:35:03 872
1517157304.872335097 0.94976 -0.831964 5.26316 0 2018-01-29 00:35:04 872
1517157305.872302928 0.925736 -0.915687 5.26316 0 2018-01-29 00:35:05 872
1517157306.872335239 0.917805 -0.945896 3.50877 0 2018-01-29 00:35:06 872
1517157307.872313070 0.916599 -0.951167 3.50877 0 2018-01-29 00:35:07 872
1517157308.872346476 0.90734 -1.01611 2.31579 0 2018-01-29 00:35:08 872
1517157309.872314983 0.906836 -1.02046 2.31579 0 2018-01-29 00:35:09 872
1517157310.872332607 0.906555 -1.02257 1.26316 0 2018-01-29 00:35:10 872
1517157311.872244239 0.895133 -1.091 1.26316 0 2018-01-29 00:35:11 872
1517157312.872331291 0.890714 -1.11539 1.47368 0 2018-01-29 00:35:12 872
1517157313.872338133 0.889213 -1.12586 1.47368 0 2018-01-29 00:35:13 872
1517157314.872345027 0.887093 -1.14078 1.57895 0 2018-01-29 00:35:14 872
1517157315.872342807 0.875505 -1.17311 1.57895 0 2018-01-29 00:35:15 872
1517157316.872331992 0.864426 -1.26944 0.842105 0 2018-01-29 00:35:16 872
1517157317.872305656 0.82837 -1.31794 0.842105 0 2018-01-29 00:35:17 872
1517157318.872367239 0.848561 -1.29582 0.947368 0 2018-01-29 00:35:18 872
1517157319.872323403 0.893718 -1.24582 0.947368 0 2018-01-29 00:35:19 872
1517157320.872522177 0.934832 -1.2006 0.526316 0 2018-01-29 00:35:20 872
1517157321.872238647 0.968498 -1.16453 0.526316 0 2018-01-29 00:35:21 872
1517157322.872403046 1.02225 -1.10809 0.842105 0 2018-01-29 00:35:22 872
1517157323.872300406 1.07172 -1.05733 0.842105 0 2018-01-29 00:35:23 872
1517157324.872635642 1.11641 -0.988564 0.842105 0 2018-01-29 00:35:24 872
1517157325.872349247 1.11222 -0.959774 0.842105 0 2018-01-29 00:35:25 872
1517157326.872349006 1.14099 -0.885603 1.15789 0 2018-01-29 00:35:26 872
1517157327.872307774 1.17289 -0.813738 1.15789 0 2018-01-29 00:35:27 872
1517157328.872325762 1.20751 -0.740953 1.47368 0 2018-01-29 00:35:28 872
1517157329.872318125 1.24265 -0.668087 1.47368 0 2018-01-29 00:35:29 872
1517157330.872497836 1.27794 -0.598176 27.8947 0 2018-01-29 00:35:30 872
1517157331.872305819 1.31561 -0.525195 27.8947 0 2018-01-29 00:35:31 872
1517157332.872738765 1.35533 -0.451101 33.8597 0 2018-01-29 00:35:32 872
1517157333.872244657 1.39011 -0.389071 33.8597 0 2018-01-29 00:35:33 872
1517157334.872344887 1.39012 -0.389035 34 0 2018-01-29 00:35:34 872
1517157335.872489858 1.39012 -0.389036 34 0 2018-01-29 00:35:35 872
1517157336.872348831 1.39012 -0.389032 36.2105 0 2018-01-29 00:35:36 872
1517157337.872309839 1.39464 -0.38112 36.2105 0 2018-01-29 00:35:37 872
1517157338.872353557 1.43453 -0.308515 35.5789 0 2018-01-29 00:35:38 872
1517157339.872314408 1.43353 -0.296712 35.5789 0 2018-01-29 00:35:39 872
1517157340.872469952 1.43354 -0.296694 31.4737 0 2018-01-29 00:35:40 872
1517157341.872312207 1.43375 -0.296387 31.4737 0 2018-01-29 00:35:41 872
1517157342.872345352 1.47961 -0.228674 30.2105 0 2018-01-29 00:35:42 872
1517157343.872317297 1.52861 -0.159794 30.2105 0 2018-01-29 00:35:43 872
1517157344.872572843 1.53728 -0.147794 28.7368 0 2018-01-29 00:35:44 872
1517157345.872324158 1.53731 -0.147748 28.7368 0 2018-01-29 00:35:45 872
1517157346.872610174 1.57554 -0.0949241 24.6316 0 2018-01-29 00:35:46 872
1517157347.872267372 1.60508 -0.0556827 24.6316 0 2018-01-29 00:35:47 872
1517157348.872348122 1.62858 -0.0247539 22.9474 0 2018-01-29 00:35:48 872
1517157349.872300953 1.679 0.0387776 22.9474 0 2018-01-29 00:35:49 872
1517157350.872395714 1.73341 0.103721 21.2632 0 2018-01-29 00:35:50 872
1517157351.872758085 1.78635 0.164344 21.2632 0 2018-01-29 00:35:51 872
1517157352.872400595 1.84188 0.2254 17.0526 0 2018-01-29 00:35:52 872
1517157353.872307643 1.90349 0.295158 17.0526 0 2018-01-29 00:35:53 872
1517157354.872339122 1.96274 0.3525 13.7895 0 2018-01-29 00:35:54 872
1517157355.872539666 2.00697 0.417386 13.7895 0 2018-01-29 00:35:55 872
1517157356.872338795 2.03 0.489584 1.75439 0 2018-01-29 00:35:56 872
1517157357.872316001 2.02645 0.578476 1.75439 0 2018-01-29 00:35:57 872
1517157358.872371907 1.95778 0.667556 1.36842 0 2018-01-29 00:35:58 872
1517157359.872314112 1.92133 0.729466 1.36842 0 2018-01-29 00:35:59 872
1517157360.872343142 1.86956 0.787167 0.947368 0 2018-01-29 00:36:00 872
1517157361.872319098 1.87428 0.852177 0.947368 0 2018-01-29 00:36:01 872
1517157362.872537143 1.86748 0.82184 0.631579 0 2018-01-29 00:36:02 872
1517157363.872234863 1.8506 0.742933 0.631579 0 2018-01-29 00:36:03 872
1517157364.872342229 1.84892 0.680485 0.526316 0 2018-01-29 00:36:04 872
1517157365.872316518 1.83198 0.601848 0.526316 0 2018-01-29 00:36:05 872
1517157366.872359194 1.8157 0.519719 0.842105 0 2018-01-29 00:36:06 872
1517157367.872320202 1.80225 0.441111 0.842105 0 2018-01-29 00:36:07 872
1517157368.872355638 1.79386 0.389028 1.15789 0 2018-01-29 00:36:08 872
1517157369.872320240 1.79385 0.389035 1.15789 0 2018-01-29 00:36:09 872
1517157370.872324374 1.79385 0.38904 1.57895 0 2018-01-29 00:36:10 872
1517157371.872301267 1.78698 0.341412 1.57895 0 2018-01-29 00:36:11 872
1517157372.872344048 1.77856 0.262309 2.42105 0 2018-01-29 00:36:12 872
1517157373.872336358 1.77304 0.178613 2.42105 0 2018-01-29 00:36:13 872
1517157374.872343617 1.77273 0.169102 3.36842 0 2018-01-29 00:36:14 872
1517157375.872336865 1.77273 0.169212 3.36842 0 2018-01-29 00:36:15 872
1517157376.872319800 1.7719 0.0797211 8.21053 0 2018-01-29 00:36:16 872
1517157377.872823165 1.83193 -0.024124 8.21053 0 2018-01-29 00:36:17 872
1517157378.872509114 1.84166 -0.110854 12.8421 0 2018-01-29 00:36:18 872
1517157379.872306315 1.8525 -0.188014 12.8421 0 2018-01-29 00:36:19 872
1517157380.872352273 1.86466 -0.258921 14.8421 0 2018-01-29 00:36:20 872
1517157381.872314583 1.86544 -0.263372 14.8421 0 2018-01-29 00:36:21 872
1517157382.872464501 1.88047 -0.338535 15.5789 0 2018-01-29 00:36:22 872
1517157383.872302537 1.90115 -0.417703 15.5789 0 2018-01-29 00:36:23 872
1517157384.872457768 1.92566 -0.499466 17.6842 0 2018-01-29 00:36:24 872
1517157385.872305075 1.94722 -0.5651 17.6842 0 2018-01-29 00:36:25 872
1517157386.872334626 1.94722 -0.565152 15.8947 0 2018-01-29 00:36:26 872
1517157387.872379907 1.94841 -0.568618 15.8947 0 2018-01-29 00:36:27 872
1517157388.872618109 1.97817 -0.649657 14.6316 0 2018-01-29 00:36:28 872
1517157389.872381455 2.0615 -0.727444 14.6316 0 2018-01-29 00:36:29 872
1517157390.872336473 2.10053 -0.803258 11.8947 0 2018-01-29 00:36:30 872
1517157391.872321961 2.1395 -0.874632 11.8947 0 2018-01-29 00:36:31 872
1517157392.872297604 2.16624 -0.919181 11.1579 0 2018-01-29 00:36:32 872
1517157393.872315644 2.19542 -0.954791 11.1579 0 2018-01-29 00:36:33 872
1517157394.872338789 2.24906 -1.01882 8.94737 0 2018-01-29 00:36:34 872
1517157395.872377298 2.26737 -1.05339 8.94737 0 2018-01-29 00:36:35 872
1517157396.872330441 2.31022 -1.06847 7.89474 0 2018-01-29 00:36:36 872
1517157397.872301658 2.31269 -1.07642 7.89474 0 2018-01-29 00:36:37 872
1517157398.872353449 2.3127 -1.07644 4.63158 0 2018-01-29 00:36:38 872
1517157399.872318936 2.31924 -1.09429 4.63158 0 2018-01-29 00:36:39 872
1517157400.872336195 2.3568 -1.17963 4 0 2018-01-29 00:36:40 872
1517157401.872312463 2.38767 -1.24197 4 0 2018-01-29 00:36:41 872
1517157402.872347014 2.39418 -1.25329 2.42105 0 2018-01-29 00:36:42 872
1517157403.872282344 2.40803 -1.27451 2.42105 0 2018-01-29 00:36:43 872
1517157404.872352573 2.39724 -1.26362 1.26316 0 2018-01-29 00:36:44 872
1517157405.872317227 2.34249 -1.2061 1.26316 0 2018-01-29 00:36:45 872
1517157406.872354382 2.28595 -1.14541 1.15789 0 2018-01-29 00:36:46 872
1517157407.872321275 2.29355 -1.15437 1.15789 0 2018-01-29 00:36:47 872
1517157408.872331086 2.33091 -1.20044 1.15789 0 2018-01-29 00:36:48 872
1517157409.872384805 2.33091 -1.20044 1.15789 0 2018-01-29 00:36:49 872
1517157410.872330551 2.33091 -1.20044 0.842105 0 2018-01-29 00:36:50 872
1517157411.872301872 2.33091 -1.20044 0.842105 0 2018-01-29 00:36:51 872
1517157412.872334808 2.32295 -1.18463 0.842105 0 2018-01-29 00:36:52 872
1517157413.872312483 2.29919 -1.14992 0.842105 0 2018-01-29 00:36:53 872
1517157414.872329690 2.22837 -1.09602 0.947368 0 2018-01-29 00:36:54 872
1517157415.872309552 2.17411 -1.10698 0.947368 0 2018-01-29 00:36:55 872
1517157416.872372854 2.13982 -1.0938 0.842105 0 2018-01-29 00:36:56 872
1517157417.872308653 2.06175 -1.06314 0.842105 0 2018-01-29 00:36:57 872
1517157418.872307839 1.99277 -1.03542 0.842105 0 2018-01-29 00:36:58 872
1517157419.872338692 1.93738 -1.01263 0.842105 0 2018-01-29 00:36:59 872
1517157420.872393608 1.85748 -0.979032 1.36842 0 2018-01-29 00:37:00 872
1517157421.872313417 1.7809 -0.94577 1.36842 0 2018-01-29 00:37:01 872
1517157422.872340259 1.70528 -0.91117 2 0 2018-01-29 00:37:02 872
1517157423.872302986 1.63193 -0.875405 2 0 2018-01-29 00:37:03 872
1517157424.872328995 1.59861 -0.857915 2.94737 0 2018-01-29 00:37:04 872
1517157425.872348754 1.58506 -0.850025 2.94737 0 2018-01-29 00:37:05 872
1517157426.872328512 1.54858 -0.834806 3.36842 0 2018-01-29 00:37:06 872
1517157427.872317489 1.45298 -0.815684 3.36842 0 2018-01-29 00:37:07 872
1517157428.872342405 1.37116 -0.806485 3.89474 0 2018-01-29 00:37:08 872
1517157429.872419769 1.29059 -0.796585 3.89474 0 2018-01-29 00:37:09 872
1517157430.872512030 1.20919 -0.785882 3.47368 0 2018-01-29 00:37:10 872
1517157431.872305586 1.12688 -0.774729 3.47368 0 2018-01-29 00:37:11 872
1517157432.872331699 1.04667 -0.762708 2.84211 0 2018-01-29 00:37:12 872
1517157433.872307447 1.03856 -0.761456 2.84211 0 2018-01-29 00:37:13 872
1517157434.872366686 1.0222 -0.759039 1.78947 0 2018-01-29 00:37:14 872
1517157435.872354049 0.939714 -0.745902 1.78947 0 2018-01-29 00:37:15 872
1517157436.872357714 0.893426 -0.738053 1.47368 0 2018-01-29 00:37:16 872
1517157437.872303617 0.842619 -0.729084 1.47368 0 2018-01-29 00:37:17 872
1517157438.872344887 0.794303 -0.753305 1.26316 0 2018-01-29 00:37:18 872
1517157439.872310999 0.741948 -0.727782 1.26316 0 2018-01-29 00:37:19 872
1517157440.872340810 0.666902 -0.702735 1.15789 0 2018-01-29 00:37:20 872
1517157441.872695578 0.590468 -0.701666 1.15789 0 2018-01-29 00:37:21 872
1517157442.872343609 0.515165 -0.739413 1.68421 0 2018-01-29 00:37:22 872
1517157443.872314981 0.447156 -0.794355 1.68421 0 2018-01-29 00:37:23 872
1517157444.872343022 0.426597 -0.89885 2.52632 0 2018-01-29 00:37:24 872
1517157445.872959567 0.41074 -0.981923 2.52632 0 2018-01-29 00:37:25 872
1517157446.872463063 0.454923 -1.07316 2.21053 0 2018-01-29 00:37:26 872
1517157447.872299380 0.493716 -1.14141 2.21053 0 2018-01-29 00:37:27 872
1517157448.872338046 0.616211 -1.17619 1.47368 0 2018-01-29 00:37:28 872
1517157449.872305772 0.677509 -1.2056 1.47368 0 2018-01-29 00:37:29 872
1517157450.872329177 0.754766 -1.24098 0.421053 0 2018-01-29 00:37:30 872
1517157451.872334873 0.829266 -1.27664 0.421053 0 2018-01-29 00:37:31 872
1517157452.872356507 0.905431 -1.31422 0.631579 0 2018-01-29 00:37:32 872
1517157453.872312671 0.971881 -1.34598 0.631579 0 2018-01-29 00:37:33 872
1517157454.872389515 1.04398 -1.36502 0.526316 0 2018-01-29 00:37:34 872
1517157455.872346981 1.15688 -1.32771 0.526316 0 2018-01-29 00:37:35 872
1517157456.872481743 1.23451 -1.33734 0.842105 0 2018-01-29 00:37:36 872
1517157457.872307956 1.31536 -1.34757 0.842105 0 2018-01-29 00:37:37 872
1517157458.872569075 1.39366 -1.34036 0.842105 0 2018-01-29 00:37:38 872
1517157459.872817642 1.47056 -1.30476 0.842105 0 2018-01-29 00:37:39 872
1517157460.872813182 1.48587 -1.19634 0.736842 0 2018-01-29 00:37:40 872
1517157461.873039456 1.51884 -1.12428 0.736842 0 2018-01-29 00:37:41 872
1517157462.872290811 1.50482 -1.04662 0.526316 0 2018-01-29 00:37:42 872
1517157463.872339060 1.4917 -0.971918 0.526316 0 2018-01-29 00:37:43 872
1517157464.872357569 1.47417 -0.892726 0.736842 0 2018-01-29 00:37:44 872
1517157465.872425194 1.46315 -0.840712 0.736842 0 2018-01-29 00:37:45 872
1517157466.872534435 1.46317 -0.840713 1.47368 0 2018-01-29 00:37:46 872
1517157467.872303146 1.46318 -0.840722 1.47368 0 2018-01-29 00:37:47 872
1517157468.872335770 1.45943 -0.822808 2.94737 0 2018-01-29 00:37:48 872
1517157469.872376675 1.44289 -0.740487 2.94737 0 2018-01-29 00:37:49 872
1517157470.872344871 1.43596 -0.702798 3.47368 0 2018-01-29 00:37:50 872
1517157471.872308066 1.43253 -0.683703 3.47368 0 2018-01-29 00:37:51 872
1517157472.872411369 1.42007 -0.610104 10.7368 0 2018-01-29 00:37:52 872
1517157473.872348730 1.42007 -0.610101 10.7368 0 2018-01-29 00:37:53 872
1517157474.872526514 1.42006 -0.610107 20.3158 0 2018-01-29 00:37:54 872
1517157475.872472990 1.42006 -0.610106 20.3158 0 2018-01-29 00:37:55 872
1517157476.872975209 1.42006 -0.610106 28.8421 0 2018-01-29 00:37:56 872
1517157477.872311513 1.41636 -0.592007 28.8421 0 2018-01-29 00:37:57 872
1517157478.872331637 1.39577 -0.503881 29.6842 0 2018-01-29 00:37:58 872
1517157479.872316708 1.39055 -0.481643 29.6842 0 2018-01-29 00:37:59 872
1517157480.872342144 1.39055 -0.481615 31.2632 0 2018-01-29 00:38:00 872
1517157481.872312371 1.39055 -0.481615 31.2632 0 2018-01-29 00:38:01 872
1517157482.872280149 1.37596 -0.416528 32.3158 0 2018-01-29 00:38:02 872
1517157483.872327774 1.32486 -0.389662 32.3158 0 2018-01-29 00:38:03 872
1517157484.872330814 1.32002 -0.321952 33.7895 0 2018-01-29 00:38:04 872
1517157485.872257758 1.33095 -0.272508 33.7895 0 2018-01-29 00:38:05 872
1517157486.872274132 1.33741 -0.259038 33.6842 0 2018-01-29 00:38:06 872
1517157487.872435092 1.35916 -0.250867 33.6842 0 2018-01-29 00:38:07 872
1517157488.872343025 1.41085 -0.193577 34.1053 0 2018-01-29 00:38:08 872
1517157489.872319398 1.46401 -0.162716 34.1053 0 2018-01-29 00:38:09 872
1517157490.872542079 1.46395 -0.162664 32.8421 0 2018-01-29 00:38:10 872
1517157491.872412824 1.49531 -0.152722 32.8421 0 2018-01-29 00:38:11 872
1517157492.872329091 1.59839 -0.163432 28.5263 0 2018-01-29 00:38:12 872
1517157493.872315880 1.66844 -0.17246 28.5263 0 2018-01-29 00:38:13 872
1517157494.872348140 1.66818 -0.172412 23.6842 0 2018-01-29 00:38:14 872
1517157495.872373420 1.69397 -0.176187 23.6842 0 2018-01-29 00:38:15 872
1517157496.872346615 1.77696 -0.190021 21.3684 0 2018-01-29 00:38:16 872
1517157497.872400542 1.78364 -0.191248 21.3684 0 2018-01-29 00:38:17 872
1517157498.872405821 1.78365 -0.191245 20.8421 0 2018-01-29 00:38:18 872
1517157499.872299848 1.79416 -0.19316 20.8421 0 2018-01-29 00:38:19 872
1517157500.872343514 1.87267 -0.208895 19.5789 0 2018-01-29 00:38:20 872
1517157501.872320356 1.95308 -0.227467 19.5789 0 2018-01-29 00:38:21 872
1517157502.872336365 1.98066 -0.234159 18.2105 0 2018-01-29 00:38:22 872
1517157503.872300237 1.98067 -0.234156 18.2105 0 2018-01-29 00:38:23 872
1517157504.872342236 1.99447 -0.237658 15.8947 0 2018-01-29 00:38:24 872
1517157505.872317202 2.07524 -0.258905 15.8947 0 2018-01-29 00:38:25 872
1517157506.872327899 2.1451 -0.270606 11.3684 0 2018-01-29 00:38:26 872
1517157507.872344689 2.24499 -0.256609 11.3684 0 2018-01-29 00:38:27 872
1517157508.872346635 2.31767 -0.217994 11.6842 0 2018-01-29 00:38:28 872
1517157509.872869063 2.37905 -0.156154 11.6842 0 2018-01-29 00:38:29 872
1517157510.872461051 2.37691 -0.0572513 12.3158 0 2018-01-29 00:38:30 872
1517157511.872303931 2.3771 -0.056917 12.3158 0 2018-01-29 00:38:31 872
1517157512.872342232 2.37809 -0.0533547 11.4737 0 2018-01-29 00:38:32 872
1517157513.872305948 2.39635 0.0308128 11.4737 0 2018-01-29 00:38:33 872
1517157514.872325551 2.41236 0.107805 10.7368 0 2018-01-29 00:38:34 872
1517157515.872315257 2.42068 0.146646 10.7368 0 2018-01-29 00:38:35 872
1517157516.872703828 2.42148 0.150253 8.73684 0 2018-01-29 00:38:36 872
1517157517.872422538 2.44006 0.215771 8.73684 0 2018-01-29 00:38:37 872
1517157518.872338909 2.4111 0.300799 9.1579 0 2018-01-29 00:38:38 872
1517157519.872314604 2.43715 0.379038 9.1579 0 2018-01-29 00:38:39 872
1517157520.872348426 2.44015 0.38758 8.94737 0 2018-01-29 00:38:40 872
1517157521.872306934 2.44014 0.387573 8.94737 0 2018-01-29 00:38:41 872
1517157522.872382736 2.44477 0.400929 8 0 2018-01-29 00:38:42 872
1517157523.872327181 2.46919 0.470028 8 0 2018-01-29 00:38:43 872
1517157524.872347669 2.47018 0.472809 6.42105 0 2018-01-29 00:38:44 872
1517157525.872292322 2.49532 0.543391 6.42105 0 2018-01-29 00:38:45 872
1517157526.872329217 2.52351 0.618358 4.73684 0 2018-01-29 00:38:46 872
1517157527.872313871 2.52511 0.62229 4.73684 0 2018-01-29 00:38:47 872
1517157528.872323265 2.52511 0.622304 2.73684 0 2018-01-29 00:38:48 872
1517157529.872403495 2.53858 0.655868 2.73684 0 2018-01-29 00:38:49 872
1517157530.872336429 2.56854 0.727631 2 0 2018-01-29 00:38:50 872
1517157531.872363427 2.60398 0.805701 2 0 2018-01-29 00:38:51 872
1517157532.872373968 2.63866 0.878139 1.36842 0 2018-01-29 00:38:52 872
1517157533.872323985 2.67563 0.9618 1.36842 0 2018-01-29 00:38:53 872
1517157534.872342026 2.71343 1.0296 0.842105 0 2018-01-29 00:38:54 872
1517157535.872307981 2.72185 1.04446 0.842105 0 2018-01-29 00:38:55 872
1517157536.872328626 2.72186 1.04447 0.631579 0 2018-01-29 00:38:56 872
1517157537.872304634 2.71062 1.02447 0.631579 0 2018-01-29 00:38:57 872
1517157538.872356998 2.67025 0.952257 0.631579 0 2018-01-29 00:38:58 872
1517157539.872314464 2.63106 0.881544 0.631579 0 2018-01-29 00:38:59 872
1517157540.872411517 2.59143 0.80602 0.631579 0 2018-01-29 00:39:00 872
1517157541.872313773 2.55879 0.743279 0.631579 0 2018-01-29 00:39:01 872
1517157542.872354626 2.51614 0.661855 0.631579 0 2018-01-29 00:39:02 872
1517157543.872454960 2.48156 0.592221 0.631579 0 2018-01-29 00:39:03 872
1517157544.872348883 2.46507 0.51247 0.736842 0 2018-01-29 00:39:04 872
1517157545.872323745 2.43246 0.438589 0.736842 0 2018-01-29 00:39:05 872
1517157546.872350379 2.40874 0.380535 0.631579 0 2018-01-29 00:39:06 872
1517157547.872310658 2.37769 0.300574 0.631579 0 2018-01-29 00:39:07 872
1517157548.872329635 2.35622 0.241813 2.73684 0 2018-01-29 00:39:08 872
1517157549.872325904 2.35621 0.241811 2.73684 0 2018-01-29 00:39:09 872
1517157550.872320871 2.35621 0.241817 5.1579 0 2018-01-29 00:39:10 872
1517157551.872399330 2.35621 0.241818 5.1579 0 2018-01-29 00:39:11 872
1517157552.872328409 2.35621 0.241811 7.68421 0 2018-01-29 00:39:12 872
1517157553.872315251 2.35609 0.241485 7.68421 0 2018-01-29 00:39:13 872
1517157554.872402512 2.34107 0.189895 9.57895 0 2018-01-29 00:39:14 872
1517157555.872306279 2.3382 0.178516 9.57895 0 2018-01-29 00:39:15 872
1517157556.872332861 2.3382 0.178513 10.2105 0 2018-01-29 00:39:16 872
1517157557.872306733 2.3382 0.17851 10.2105 0 2018-01-29 00:39:17 872
1517157558.872334722 2.33819 0.178511 11.2632 0 2018-01-29 00:39:18 872
1517157559.872576257 2.32623 0.128632 11.2632 0 2018-01-29 00:39:19 872
1517157560.872348666 2.30942 0.0521042 10.2105 0 2018-01-29 00:39:20 872
1517157561.872301132 2.30896 0.0497948 10.2105 0 2018-01-29 00:39:21 872
1517157562.872330371 2.30896 0.0497901 10.7368 0 2018-01-29 00:39:22 872
1517157563.872303566 2.30896 0.0497936 10.7368 0 2018-01-29 00:39:23 872
1517157564.872392598 2.30896 0.0497954 10.4211 0 2018-01-29 00:39:24 872
1517157565.872333553 2.30189 0.0139188 10.4211 0 2018-01-29 00:39:25 872
1517157566.872329718 2.29077 -0.0510637 11.2632 0 2018-01-29 00:39:26 872
1517157567.872311299 2.3383 -0.0954667 11.2632 0 2018-01-29 00:39:27 872
1517157568.873008210 2.33701 -0.112384 10.4211 0 2018-01-29 00:39:28 872
1517157569.872309566 2.3321 -0.18951 10.4211 0 2018-01-29 00:39:29 872
1517157570.872337815 2.33056 -0.216543 11.1579 0 2018-01-29 00:39:30 872
1517157571.872312677 2.33056 -0.216573 11.1579 0 2018-01-29 00:39:31 872
1517157572.872348947 2.33056 -0.216409 10.9474 0 2018-01-29 00:39:32 872
1517157573.872547200 2.32983 -0.261095 10.9474 0 2018-01-29 00:39:33 872
1517157574.872328151 2.33102 -0.344983 10.8421 0 2018-01-29 00:39:34 872
1517157575.872328014 2.33052 -0.393097 10.8421 0 2018-01-29 00:39:35 872
1517157576.872432358 2.33053 -0.393712 9.68421 0 2018-01-29 00:39:36 872
1517157577.872308364 2.33053 -0.393706 9.68421 0 2018-01-29 00:39:37 872
1517157578.872334581 2.33055 -0.397964 9.57895 0 2018-01-29 00:39:38 872
1517157579.872324861 2.32781 -0.477469 9.57895 0 2018-01-29 00:39:39 872
1517157580.872324463 2.32631 -0.510477 10.6316 0 2018-01-29 00:39:40 872
1517157581.872312346 2.32632 -0.510484 10.6316 0 2018-01-29 00:39:41 872
1517157582.872323147 2.32593 -0.519531 11.7895 0 2018-01-29 00:39:42 872
1517157583.872330666 2.32353 -0.603748 11.7895 0 2018-01-29 00:39:43 872
1517157584.872315945 2.32326 -0.687253 11.6842 0 2018-01-29 00:39:44 872
1517157585.872303881 2.32344 -0.69432 11.6842 0 2018-01-29 00:39:45 872
1517157586.872413173 2.32344 -0.694322 11.8947 0 2018-01-29 00:39:46 872
1517157587.872315429 2.32344 -0.694323 11.8947 0 2018-01-29 00:39:47 872
1517157588.872366022 2.32344 -0.694326 11.7895 0 2018-01-29 00:39:48 872
1517157589.872311196 2.32414 -0.706642 11.7895 0 2018-01-29 00:39:49 872
1517157590.872438771 2.33487 -0.79488 10 0 2018-01-29 00:39:50 872
1517157591.872358163 2.37156 -0.828229 10 0 2018-01-29 00:39:51 872
1517157592.872339744 2.37155 -0.828233 10.6316 0 2018-01-29 00:39:52 872
1517157593.872309970 2.37155 -0.828234 10.6316 0 2018-01-29 00:39:53 872
1517157594.872351188 2.3818 -0.877451 12.1053 0 2018-01-29 00:39:54 872
1517157595.872321363 2.40351 -0.961454 12.1053 0 2018-01-29 00:39:55 872
1517157596.872347476 2.41558 -1.00267 11.7895 0 2018-01-29 00:39:56 872
1517157597.872326141 2.41558 -1.00268 11.7895 0 2018-01-29 00:39:57 872
1517157598.872331264 2.41558 -1.00268 9.57895 0 2018-01-29 00:39:58 872
1517157599.872306595 2.41558 -1.00268 9.57895 0 2018-01-29 00:39:59 872
1517157600.872323541 2.41889 -1.01389 7.68421 0 2018-01-29 00:40:00 872
1517157601.872609766 2.44599 -1.10107 7.68421 0 2018-01-29 00:40:01 872
1517157602.872348007 2.4712 -1.17588 8.42105 0 2018-01-29 00:40:02 872
1517157603.872309223 2.47589 -1.18962 8.42105 0 2018-01-29 00:40:03 872
1517157604.872329711 2.47589 -1.18962 5.57895 0 2018-01-29 00:40:04 872
1517157605.872360565 2.49022 -1.23066 5.57895 0 2018-01-29 00:40:05 872
1517157606.872261414 2.51827 -1.3051 2.63158 0 2018-01-29 00:40:06 872
1517157607.872306435 2.53149 -1.33814 2.63158 0 2018-01-29 00:40:07 872
1517157608.872510261 2.52651 -1.32538 0.947368 0 2018-01-29 00:40:08 872
1517157609.872303764 2.52063 -1.30561 0.947368 0 2018-01-29 00:40:09 872
1517157610.872340503 2.51846 -1.29542 1.05263 0 2018-01-29 00:40:10 872
1517157611.872309271 2.50082 -1.22517 1.05263 0 2018-01-29 00:40:11 872
1517157612.872451221 2.49928 -1.21805 0.947368 0 2018-01-29 00:40:12 872
1517157613.872308059 2.54116 -1.22803 0.947368 0 2018-01-29 00:40:13 872
1517157614.872402976 2.52226 -1.15043 0.736842 0 2018-01-29 00:40:14 872
1517157615.872315025 2.5076 -1.08484 0.736842 0 2018-01-29 00:40:15 872
1517157616.872343430 2.50761 -1.0849 0.947368 0 2018-01-29 00:40:16 872
1517157617.872298656 2.50761 -1.0849 0.947368 0 2018-01-29 00:40:17 872
1517157618.872343728 2.50436 -1.07005 2.42105 0 2018-01-29 00:40:18 872
1517157619.872297861 2.48705 -0.985957 2.42105 0 2018-01-29 00:40:19 872
1517157620.872338193 2.48303 -0.963737 4.94737 0 2018-01-29 00:40:20 872
1517157621.872305399 2.48303 -0.963742 4.94737 0 2018-01-29 00:40:21 872
1517157622.872333231 2.48303 -0.963742 6.84211 0 2018-01-29 00:40:22 872
1517157623.872339865 2.48303 -0.963741 6.84211 0 2018-01-29 00:40:23 872
1517157624.872331134 2.48303 -0.963742 8.8421 0 2018-01-29 00:40:24 872
1517157625.872305892 2.48303 -0.96374 8.8421 0 2018-01-29 00:40:25 872
1517157626.872401851 2.48303 -0.96374 8.94737 0 2018-01-29 00:40:26 872
1517157627.872324784 2.48019 -0.94803 8.94737 0 2018-01-29 00:40:27 872
1517157628.872347564 2.46639 -0.867252 9.05263 0 2018-01-29 00:40:28 872
1517157629.872318520 2.45438 -0.784274 9.05263 0 2018-01-29 00:40:29 872
1517157630.872340415 2.45333 -0.776619 7.89474 0 2018-01-29 00:40:30 872
1517157631.872303402 2.45332 -0.776622 7.89474 0 2018-01-29 00:40:31 872
1517157632.872333369 2.4503 -0.754399 9.1579 0 2018-01-29 00:40:32 872
1517157633.872304950 2.43939 -0.666832 9.1579 0 2018-01-29 00:40:33 872
1517157634.872434972 2.43288 -0.606061 9.89474 0 2018-01-29 00:40:34 872
1517157635.872307853 2.43288 -0.606117 9.89474 0 2018-01-29 00:40:35 872
1517157636.872326883 2.43288 -0.606115 11.1579 0 2018-01-29 00:40:36 872
1517157637.872315808 2.43288 -0.606112 11.1579 0 2018-01-29 00:40:37 872
1517157638.872539218 2.43288 -0.606116 9.57895 0 2018-01-29 00:40:38 872
1517157639.872406838 2.4319 -0.597929 9.57895 0 2018-01-29 00:40:39 872
1517157640.872337897 2.41913 -0.521775 8.52632 0 2018-01-29 00:40:40 872
1517157641.872601985 2.3969 -0.434466 8.52632 0 2018-01-29 00:40:41 872
1517157642.872328664 2.38508 -0.355868 8.8421 0 2018-01-29 00:40:42 872
1517157643.872304411 2.38478 -0.353805 8.8421 0 2018-01-29 00:40:43 872
1517157644.872349379 2.38478 -0.353803 10.5263 0 2018-01-29 00:40:44 872
1517157645.872328877 2.38478 -0.353803 10.5263 0 2018-01-29 00:40:45 872
1517157646.872349313 2.38478 -0.353801 9.26316 0 2018-01-29 00:40:46 872
1517157647.872303758 2.38478 -0.353802 9.26316 0 2018-01-29 00:40:47 872
1517157648.872335445 2.37793 -0.304615 10.2105 0 2018-01-29 00:40:48 872
1517157649.872510624 2.36784 -0.222031 10.2105 0 2018-01-29 00:40:49 872
1517157650.872391942 2.36295 -0.175062 10.7368 0 2018-01-29 00:40:50 872
1517157651.872343106 2.36295 -0.175074 10.7368 0 2018-01-29 00:40:51 872
1517157652.872336250 2.36295 -0.175055 11.4737 0 2018-01-29 00:40:52 872
1517157653.872303664 2.36295 -0.175056 11.4737 0 2018-01-29 00:40:53 872
1517157654.872288735 2.36295 -0.175057 11.6842 0 2018-01-29 00:40:54 872
1517157655.872319379 2.36189 -0.164541 11.6842 0 2018-01-29 00:40:55 872
1517157656.872334347 2.35367 -0.0820255 10.1053 0 2018-01-29 00:40:56 872
1517157657.872302334 2.34852 -0.0206743 10.1053 0 2018-01-29 00:40:57 872
1517157658.872322093 2.34852 -0.0206881 8.8421 0 2018-01-29 00:40:58 872
1517157659.872440344 2.34852 -0.0206859 8.8421 0 2018-01-29 00:40:59 872
1517157660.872504948 2.34851 -0.0206844 9.68421 0 2018-01-29 00:41:00 872
1517157661.872380641 2.34673 0.00111322 9.68421 0 2018-01-29 00:41:01 872
1517157662.872340294 2.34169 0.0815404 9.78947 0 2018-01-29 00:41:02 872
1517157663.872282864 2.33896 0.16437 9.78947 0 2018-01-29 00:41:03 872
1517157664.872342520 2.33622 0.242501 8.63158 0 2018-01-29 00:41:04 872
1517157665.872307226 2.3275 0.247186 8.63158 0 2018-01-29 00:41:05 872
1517157666.872347350 2.3275 0.247189 8.21053 0 2018-01-29 00:41:06 872
1517157667.872323514 2.3275 0.247191 8.21053 0 2018-01-29 00:41:07 872
1517157668.872336138 2.3275 0.247193 9.1579 0 2018-01-29 00:41:08 872
1517157669.872305635 2.3275 0.247192 9.1579 0 2018-01-29 00:41:09 872
1517157670.872330759 2.3275 0.247192 10.5263 0 2018-01-29 00:41:10 872
1517157671.872330570 2.33049 0.309042 10.5263 0 2018-01-29 00:41:11 872
1517157672.872334755 2.33327 0.356064 10 0 2018-01-29 00:41:12 872
1517157673.872313836 2.33327 0.356049 10 0 2018-01-29 00:41:13 872
1517157674.872339012 2.33327 0.356065 8.73684 0 2018-01-29 00:41:14 872
1517157675.872289655 2.33327 0.356064 8.73684 0 2018-01-29 00:41:15 872
1517157676.872456553 2.33327 0.356064 6.63158 0 2018-01-29 00:41:16 872
1517157677.872382456 2.33327 0.356064 6.63158 0 2018-01-29 00:41:17 872
1517157678.872356172 2.33327 0.356064 7.05263 0 2018-01-29 00:41:18 872
1517157679.872328847 2.3377 0.4249 7.05263 0 2018-01-29 00:41:19 872
1517157680.872276417 2.3441 0.50966 6.31579 0 2018-01-29 00:41:20 872
1517157681.872299561 2.34646 0.536958 6.31579 0 2018-01-29 00:41:21 872
1517157682.872707663 2.34646 0.536986 3.47368 0 2018-01-29 00:41:22 872
1517157683.872274755 2.34646 0.536979 3.47368 0 2018-01-29 00:41:23 872
1517157684.872317587 2.34773 0.550707 2.21053 0 2018-01-29 00:41:24 872
1517157685.872307554 2.3567 0.637527 2.21053 0 2018-01-29 00:41:25 872
1517157686.872322261 2.36713 0.718724 0.947368 0 2018-01-29 00:41:26 872
1517157687.872319780 2.37729 0.785527 0.947368 0 2018-01-29 00:41:27 872
1517157688.872343445 2.39183 0.868895 0.947368 0 2018-01-29 00:41:28 872
1517157689.872521334 2.40713 0.946695 0.947368 0 2018-01-29 00:41:29 872
1517157690.872336660 2.40767 0.964545 0.631579 0 2018-01-29 00:41:30 872
1517157691.872304491 2.40767 0.964551 0.631579 0 2018-01-29 00:41:31 872
1517157692.872414305 2.40767 0.96455 0.421053 0 2018-01-29 00:41:32 872
1517157693.872560369 2.40571 0.956647 0.421053 0 2018-01-29 00:41:33 872
1517157694.872325903 2.39774 0.889055 0.421053 0 2018-01-29 00:41:34 872
1517157695.872305505 2.41305 0.824934 0.421053 0 2018-01-29 00:41:35 872
1517157696.872499279 2.44303 0.757426 0.526316 0 2018-01-29 00:41:36 872
1517157697.872488829 2.49899 0.68716 0.526316 0 2018-01-29 00:41:37 872
1517157698.872757084 2.54299 0.615528 0.842105 0 2018-01-29 00:41:38 872
1517157699.872281674 2.58441 0.553429 0.842105 0 2018-01-29 00:41:39 872
1517157700.872329663 2.60079 0.529033 1.47368 0 2018-01-29 00:41:40 872
1517157701.872323328 2.61357 0.510016 1.47368 0 2018-01-29 00:41:41 872
1517157702.872329493 2.64259 0.441779 3.78947 0 2018-01-29 00:41:42 872
1517157703.872262062 2.64939 0.376705 3.78947 0 2018-01-29 00:41:43 872
1517157704.872348542 2.65473 0.379086 5.89474 0 2018-01-29 00:41:44 872
1517157705.872363978 2.65475 0.379093 5.89474 0 2018-01-29 00:41:45 872
1517157706.872315037 2.65475 0.379098 6.52632 0 2018-01-29 00:41:46 872
1517157707.872307869 2.65493 0.366015 6.52632 0 2018-01-29 00:41:47 872
1517157708.872372681 2.66067 0.281342 6.63158 0 2018-01-29 00:41:48 872
1517157709.872328063 2.6641 0.252511 6.63158 0 2018-01-29 00:41:49 872
1517157710.872335218 2.6641 0.252479 7.68421 0 2018-01-29 00:41:50 872
1517157711.872334352 2.66411 0.252404 7.68421 0 2018-01-29 00:41:51 872
1517157712.872274421 2.67257 0.178049 7.89474 0 2018-01-29 00:41:52 872
1517157713.872308139 2.68409 0.0939006 7.89474 0 2018-01-29 00:41:53 872
1517157714.872349826 2.69209 0.0420946 7.47368 0 2018-01-29 00:41:54 872
1517157715.872318854 2.69209 0.0420877 7.47368 0 2018-01-29 00:41:55 872
1517157716.872323040 2.69213 0.0418212 7.47368 0 2018-01-29 00:41:56 872
1517157717.872306236 2.70321 -0.019357 7.47368 0 2018-01-29 00:41:57 872
1517157718.872329433 2.72081 -0.101101 7.05263 0 2018-01-29 00:41:58 872
1517157719.872236741 2.73784 -0.175985 7.05263 0 2018-01-29 00:41:59 872
1517157720.872294418 2.73871 -0.179615 7.68421 0 2018-01-29 00:42:00 872
1517157721.872310843 2.73871 -0.179624 7.68421 0 2018-01-29 00:42:01 872
1517157722.872330550 2.75318 -0.23607 6.63158 0 2018-01-29 00:42:02 872
1517157723.872318955 2.77635 -0.314414 6.63158 0 2018-01-29 00:42:03 872
1517157724.872345745 2.8807 -0.396023 6.42105 0 2018-01-29 00:42:04 872
1517157725.872318524 2.89445 -0.426251 6.42105 0 2018-01-29 00:42:05 872
1517157726.872354638 2.89528 -0.428089 5.68421 0 2018-01-29 00:42:06 872
1517157727.872304499 2.91959 -0.491753 5.68421 0 2018-01-29 00:42:07 872
1517157728.872330248 2.93789 -0.541769 5.68421 0 2018-01-29 00:42:08 872
1517157729.872298547 2.95841 -0.595795 5.68421 0 2018-01-29 00:42:09 872
1517157730.872350339 2.95841 -0.595786 6.42105 0 2018-01-29 00:42:10 872
1517157731.872306867 2.95842 -0.595803 6.42105 0 2018-01-29 00:42:11 872
1517157732.872332720 2.96654 -0.613995 6.42105 0 2018-01-29 00:42:12 872
1517157733.872319562 3.00645 -0.690348 6.42105 0 2018-01-29 00:42:13 872
1517157734.872348331 3.04724 -0.761732 5.1579 0 2018-01-29 00:42:14 872
1517157735.872330694 3.07749 -0.809957 5.1579 0 2018-01-29 00:42:15 872
1517157736.872481810 3.07748 -0.809972 5.89474 0 2018-01-29 00:42:16 872
1517157737.872331513 3.07748 -0.809968 5.89474 0 2018-01-29 00:42:17 872
1517157738.872326428 3.10035 -0.844204 7.26316 0 2018-01-29 00:42:18 872
1517157739.872312384 3.10764 -0.854862 7.26316 0 2018-01-29 00:42:19 872
1517157740.872335476 3.13408 -0.883399 7.89474 0 2018-01-29 00:42:20 872
1517157741.873862044 3.17035 -0.893311 7.89474 0 2018-01-29 00:42:21 872
1517157742.872404787 3.17034 -0.893328 6.52632 0 2018-01-29 00:42:22 872
1517157743.872308970 3.17034 -0.893334 6.52632 0 2018-01-29 00:42:23 872
1517157744.872309041 3.17034 -0.893335 5.89474 0 2018-01-29 00:42:24 872
1517157745.872318071 3.17034 -0.893335 5.89474 0 2018-01-29 00:42:25 872
1517157746.872414915 3.17034 -0.893335 4.94737 0 2018-01-29 00:42:26 872
1517157747.872319359 3.17034 -0.893335 4.94737 0 2018-01-29 00:42:27 872
1517157748.872476674 3.17034 -0.893335 4.84211 0 2018-01-29 00:42:28 872
1517157749.872220957 3.17034 -0.893335 4.84211 0 2018-01-29 00:42:29 872
1517157750.872365772 3.18269 -0.898613 4.84211 0 2018-01-29 00:42:30 872
1517157751.872330633 3.19436 -0.903337 4.84211 0 2018-01-29 00:42:31 872
1517157752.872564721 3.25063 -0.940815 4.94737 0 2018-01-29 00:42:32 872
1517157753.872358276 3.27379 -0.965558 4.94737 0 2018-01-29 00:42:33 872
1517157754.872332305 3.31139 -0.978075 4.73684 0 2018-01-29 00:42:34 872
1517157755.872311282 3.32909 -1.04 4.73684 0 2018-01-29 00:42:35 872
1517157756.872341041 3.33077 -1.07357 4 0 2018-01-29 00:42:36 872
1517157757.872315174 3.333 -1.07298 4 0 2018-01-29 00:42:37 872
1517157758.872336756 3.32873 -1.17027 4.10526 0 2018-01-29 00:42:38 872
1517157759.872325108 3.3284 -1.23018 4.10526 0 2018-01-29 00:42:39 872
1517157760.872355597 3.3284 -1.23017 4 0 2018-01-29 00:42:40 872
1517157761.872612185 3.3284 -1.23016 4 0 2018-01-29 00:42:41 872
1517157762.872343812 3.3284 -1.23016 4.21053 0 2018-01-29 00:42:42 872
1517157763.872319664 3.3284 -1.23016 4.21053 0 2018-01-29 00:42:43 872
1517157764.872302338 3.3284 -1.20824 4 0 2018-01-29 00:42:44 872
1517157765.872305639 3.3286 -1.19134 4 0 2018-01-29 00:42:45 872
1517157766.872402327 3.31839 -1.11211 3.68421 0 2018-01-29 00:42:46 872
1517157767.872387085 3.28807 -1.04509 3.68421 0 2018-01-29 00:42:47 872
1517157768.872327571 3.19771 -1.02888 3.47368 0 2018-01-29 00:42:48 872
1517157769.872248995 3.12415 -0.998458 3.47368 0 2018-01-29 00:42:49 872
1517157770.872345110 3.08054 -0.991993 4.10526 0 2018-01-29 00:42:50 872
1517157771.872301534 3.02751 -1.01794 4.10526 0 2018-01-29 00:42:51 872
1517157772.872930579 2.96573 -1.02315 5.1579 0 2018-01-29 00:42:52 872
1517157773.872306833 2.89458 -1.02977 5.1579 0 2018-01-29 00:42:53 872
1517157774.872312373 2.82265 -1.03607 5.89474 0 2018-01-29 00:42:54 872
1517157775.872298902 2.76176 -1.04069 5.89474 0 2018-01-29 00:42:55 872
1517157776.872327203 2.7031 -1.04285 6.31579 0 2018-01-29 00:42:56 872
1517157777.872431912 2.70119 -1.04279 6.31579 0 2018-01-29 00:42:57 872
1517157778.872365523 2.64322 -1.02556 6.52632 0 2018-01-29 00:42:58 872
1517157779.872307311 2.60264 -0.989567 6.52632 0 2018-01-29 00:42:59 872
1517157780.872371342 2.56188 -0.929053 6.10526 0 2018-01-29 00:43:00 872
1517157781.872317402 2.55612 -0.878613 6.10526 0 2018-01-29 00:43:01 872
1517157782.872325598 2.56261 -0.858798 7.47368 0 2018-01-29 00:43:02 872
1517157783.872312023 2.56259 -0.858804 7.47368 0 2018-01-29 00:43:03 872
1517157784.872398763 2.56293 -0.816712 8.31579 0 2018-01-29 00:43:04 872
1517157785.872333312 2.56614 -0.758283 8.31579 0 2018-01-29 00:43:05 872
1517157786.872325726 2.57555 -0.686694 8.31579 0 2018-01-29 00:43:06 872
1517157787.872307620 2.58904 -0.603991 8.31579 0 2018-01-29 00:43:07 872
1517157788.872352015 2.60446 -0.5228 8 0 2018-01-29 00:43:08 872
1517157789.872300991 2.61564 -0.468697 8 0 2018-01-29 00:43:09 872
1517157790.872331376 2.62594 -0.420213 8 0 2018-01-29 00:43:10 872
1517157791.872304467 2.64634 -0.335459 8 0 2018-01-29 00:43:11 872
1517157792.872333497 2.6672 -0.256797 9.47368 0 2018-01-29 00:43:12 872
1517157793.872239868 2.6914 -0.17531 9.47368 0 2018-01-29 00:43:13 872
1517157794.872283742 2.73377 -0.0811095 9.78947 0 2018-01-29 00:43:14 872
1517157795.872351419 2.76539 -0.000100285 9.78947 0 2018-01-29 00:43:15 872
1517157796.872349667 2.78335 0.0480314 8.42105 0 2018-01-29 00:43:16 872
1517157797.872299112 2.7977 0.0991108 8.42105 0 2018-01-29 00:43:17 872
1517157798.872458614 2.81068 0.158504 7.26316 0 2018-01-29 00:43:18 872
1517157799.872296598 2.82071 0.22913 7.26316 0 2018-01-29 00:43:19 872
1517157800.872741680 2.83152 0.310741 7.05263 0 2018-01-29 00:43:20 872
1517157801.872298824 2.84332 0.392728 7.05263 0 2018-01-29 00:43:21 872
1517157802.872327593 2.85625 0.475332 6.73684 0 2018-01-29 00:43:22 872
1517157803.872702466 2.872 0.559691 6.73684 0 2018-01-29 00:43:23 872
1517157804.872328621 2.866 0.646969 6.21053 0 2018-01-29 00:43:24 872
1517157805.872307910 2.88287 0.72027 6.21053 0 2018-01-29 00:43:25 872
1517157806.872360327 2.88303 0.720959 4 0 2018-01-29 00:43:26 872
1517157807.872306386 2.88304 0.720992 4 0 2018-01-29 00:43:27 872
1517157808.873157833 2.88303 0.720979 1.68421 0 2018-01-29 00:43:28 872
1517157809.872318872 2.88304 0.720989 1.68421 0 2018-01-29 00:43:29 872
1517157810.872315141 2.8831 0.721253 1.47368 0 2018-01-29 00:43:30 872
1517157811.872306202 2.89789 0.786329 1.47368 0 2018-01-29 00:43:31 872
1517157812.872304398 2.90772 0.831463 1.57895 0 2018-01-29 00:43:32 872
1517157813.872532547 2.90807 0.832985 1.57895 0 2018-01-29 00:43:33 872
1517157814.872358291 2.95118 0.922816 1.57895 0 2018-01-29 00:43:34 872
1517157815.872401488 3.00789 0.971382 1.57895 0 2018-01-29 00:43:35 872
1517157816.872331922 3.13584 0.991699 0.947368 0 2018-01-29 00:43:36 872
1517157817.872380588 3.20396 0.982656 0.947368 0 2018-01-29 00:43:37 872
1517157818.872334773 3.3216 0.928344 0.631579 0 2018-01-29 00:43:38 872
1517157819.872588184 3.37345 0.853019 0.631579 0 2018-01-29 00:43:39 872
1517157820.872339915 3.34795 0.816184 0.421053 0 2018-01-29 00:43:40 872
1517157821.872324413 3.3486 0.814188 0.421053 0 2018-01-29 00:43:41 872
1517157822.872341672 3.36881 0.745227 0.315789 0 2018-01-29 00:43:42 872
1517157823.872316066 3.39183 0.661289 0.315789 0 2018-01-29 00:43:43 872
1517157824.872474786 3.3976 0.638279 1.78947 0 2018-01-29 00:43:44 872
1517157825.872320531 3.39761 0.638283 1.78947 0 2018-01-29 00:43:45 872
1517157826.872329925 3.3976 0.638328 3.47368 0 2018-01-29 00:43:46 872
1517157827.872293745 3.39757 0.63847 3.47368 0 2018-01-29 00:43:47 872
1517157828.872326525 3.40996 0.592069 4 0 2018-01-29 00:43:48 872
1517157829.872363889 3.42717 0.52214 4 0 2018-01-29 00:43:49 872
1517157830.872824389 3.42676 0.439026 3.15789 0 2018-01-29 00:43:50 872
1517157831.872311270 3.38713 0.323346 3.15789 0 2018-01-29 00:43:51 872
1517157832.872329310 3.38014 0.28185 3.68421 0 2018-01-29 00:43:52 872
1517157833.872311360 3.38016 0.281866 3.68421 0 2018-01-29 00:43:53 872
1517157834.873175046 3.37038 0.22512 4.10526 0 2018-01-29 00:43:54 872
1517157835.872323117 3.35579 0.149733 4.10526 0 2018-01-29 00:43:55 872
1517157836.872346209 3.33799 0.0671757 4 0 2018-01-29 00:43:56 872
1517157837.872328311 3.31907 -0.0110542 4 0 2018-01-29 00:43:57 872
1517157838.872340674 3.30117 -0.0774096 4 0 2018-01-29 00:43:58 872
1517157839.872303870 3.27905 -0.154451 4 0 2018-01-29 00:43:59 872
1517157840.872409048 3.25537 -0.233671 5.36842 0 2018-01-29 00:44:00 872
1517157841.872317866 3.23026 -0.313463 5.36842 0 2018-01-29 00:44:01 872
1517157842.872338771 3.23795 -0.416423 5.1579 0 2018-01-29 00:44:02 872
1517157843.872315248 3.21005 -0.489654 5.1579 0 2018-01-29 00:44:03 872
1517157844.872332872 3.17792 -0.569499 6.42105 0 2018-01-29 00:44:04 872
1517157845.872388361 3.14632 -0.644622 6.42105 0 2018-01-29 00:44:05 872
1517157846.872484945 3.11295 -0.720629 5.78947 0 2018-01-29 00:44:06 872
1517157847.872308449 3.07806 -0.797806 5.78947 0 2018-01-29 00:44:07 872
1517157848.872688478 3.04269 -0.874051 5.57895 0 2018-01-29 00:44:08 872
1517157849.872635110 3.00625 -0.949643 5.57895 0 2018-01-29 00:44:09 872
1517157850.872397571 2.97371 -1.00693 4.52632 0 2018-01-29 00:44:10 872
1517157851.872294098 2.93536 -1.07788 4.52632 0 2018-01-29 00:44:11 872
1517157852.872893507 2.89212 -1.15379 5.47368 0 2018-01-29 00:44:12 872
1517157853.872355439 2.84181 -1.22207 5.47368 0 2018-01-29 00:44:13 872
1517157854.872355875 2.78218 -1.26473 5.78947 0 2018-01-29 00:44:14 872
1517157855.872310164 2.70036 -1.28352 5.78947 0 2018-01-29 00:44:15 872
1517157856.872347736 2.57336 -1.21648 4.21053 0 2018-01-29 00:44:16 872
1517157857.872357286 2.52712 -1.18423 4.21053 0 2018-01-29 00:44:17 872
1517157858.872414182 2.54787 -1.12585 2.31579 0 2018-01-29 00:44:18 872
1517157859.872667593 2.52614 -1.05044 2.31579 0 2018-01-29 00:44:19 872
1517157860.872322707 2.50905 -0.941991 2 0 2018-01-29 00:44:20 872
1517157861.872327674 2.51098 -0.875224 2 0 2018-01-29 00:44:21 872
1517157862.872424883 2.52037 -0.790124 4.10526 0 2018-01-29 00:44:22 872
1517157863.872399277 2.5322 -0.7088 4.10526 0 2018-01-29 00:44:23 872
1517157864.872309293 2.54688 -0.62624 6.84211 0 2018-01-29 00:44:24 872
1517157865.872305250 2.56383 -0.544223 6.84211 0 2018-01-29 00:44:25 872
1517157866.872396313 2.59046 -0.471283 7.89474 0 2018-01-29 00:44:26 872
1517157867.872299663 2.6411 -0.41405 7.89474 0 2018-01-29 00:44:27 872
1517157868.872355725 2.71231 -0.353222 7.78947 0 2018-01-29 00:44:28 872
1517157869.872311107 2.77482 -0.289082 7.78947 0 2018-01-29 00:44:29 872
1517157870.872344513 2.83307 -0.232246 7.47368 0 2018-01-29 00:44:30 872
1517157871.872268071 2.89632 -0.174273 7.47368 0 2018-01-29 00:44:31 872
1517157872.872347415 2.95375 -0.123743 7.78947 0 2018-01-29 00:44:32 872
1517157873.872311548 3.01843 -0.0840859 7.78947 0 2018-01-29 00:44:33 872
1517157874.872340891 3.09098 -0.059731 6.10526 0 2018-01-29 00:44:34 872
1517157875.872313930 3.17075 -0.0365802 6.10526 0 2018-01-29 00:44:35 872
1517157876.872437754 3.26902 -0.00210019 5.68421 0 2018-01-29 00:44:36 872
1517157877.872387043 3.35052 0.0139019 5.68421 0 2018-01-29 00:44:37 872
1517157878.872441126 3.43216 0.0289635 5.26316 0 2018-01-29 00:44:38 872
1517157879.872316871 3.50767 0.0390685 5.26316 0 2018-01-29 00:44:39 872
1517157880.872407725 3.59074 0.0281155 4.94737 0 2018-01-29 00:44:40 872
1517157881.872305502 3.66317 -0.0109748 4.94737 0 2018-01-29 00:44:41 872
1517157882.872342762 3.70594 -0.0878398 4.73684 0 2018-01-29 00:44:42 872
1517157883.872308405 3.72565 -0.174399 4.73684 0 2018-01-29 00:44:43 872
1517157884.872257433 3.70682 -0.291363 5.05263 0 2018-01-29 00:44:44 872
1517157885.872234170 3.66124 -0.354435 5.05263 0 2018-01-29 00:44:45 872
1517157886.872327994 3.55206 -0.386139 4.73684 0 2018-01-29 00:44:46 872
1517157887.872364889 3.4732 -0.398756 4.73684 0 2018-01-29 00:44:47 872
1517157888.872341313 3.34621 -0.355789 4.21053 0 2018-01-29 00:44:48 872
1517157889.872484773 3.28756 -0.307233 4.21053 0 2018-01-29 00:44:49 872
1517157890.872328539 3.27893 -0.211082 4.10526 0 2018-01-29 00:44:50 872
1517157891.872394601 3.26921 -0.141397 4.10526 0 2018-01-29 00:44:51 872
1517157892.872570510 3.26523 -0.043548 4.84211 0 2018-01-29 00:44:52 872
1517157893.872306303 3.26358 0.0408459 4.84211 0 2018-01-29 00:44:53 872
1517157894.872333771 3.26357 0.0473532 5.57895 0 2018-01-29 00:44:54 872
1517157895.872313165 3.26293 0.0605034 5.57895 0 2018-01-29 00:44:55 872
1517157896.872328340 3.24712 0.12051 6.31579 0 2018-01-29 00:44:56 872
1517157897.872442789 3.21904 0.202256 6.31579 0 2018-01-29 00:44:57 872
1517157898.872337024 3.19357 0.278661 6.10526 0 2018-01-29 00:44:58 872
1517157899.872347252 3.16808 0.359339 6.10526 0 2018-01-29 00:44:59 872
1517157900.872329458 3.14387 0.439429 5.47368 0 2018-01-29 00:45:00 872
1517157901.872478179 3.11995 0.521723 5.47368 0 2018-01-29 00:45:01 872
1517157902.872380956 3.08322 0.608846 5.1579 0 2018-01-29 00:45:02 872
1517157903.872386235 3.08127 0.616071 5.1579 0 2018-01-29 00:45:03 872
1517157904.872322503 3.08127 0.616061 4.84211 0 2018-01-29 00:45:04 872
1517157905.872305803 3.08127 0.616061 4.84211 0 2018-01-29 00:45:05 872
1517157906.872342229 3.0809 0.617446 4.94737 0 2018-01-29 00:45:06 872
1517157907.872307664 3.07825 0.62601 4.94737 0 2018-01-29 00:45:07 872
1517157908.872348569 3.0506 0.701285 5.1579 0 2018-01-29 00:45:08 872
1517157909.872309420 3.02303 0.770715 5.1579 0 2018-01-29 00:45:09 872
1517157910.872344753 2.9951 0.81154 4.63158 0 2018-01-29 00:45:10 872
1517157911.872304979 2.97068 0.8365 4.63158 0 2018-01-29 00:45:11 872
1517157912.872426564 2.89803 0.880756 3.47368 0 2018-01-29 00:45:12 872
1517157913.872602837 2.81918 0.861151 3.47368 0 2018-01-29 00:45:13 872
1517157914.872268994 2.73438 0.843563 1.78947 0 2018-01-29 00:45:14 872
1517157915.872301149 2.63626 0.758423 1.78947 0 2018-01-29 00:45:15 872
1517157916.872262521 2.58482 0.694916 1.36842 0 2018-01-29 00:45:16 872
1517157917.872306031 2.57457 0.571072 1.36842 0 2018-01-29 00:45:17 872
1517157918.872268705 2.58013 0.491762 0.631579 0 2018-01-29 00:45:18 872
1517157919.872320705 2.60631 0.443899 0.631579 0 2018-01-29 00:45:19 872
1517157920.872339995 2.66673 0.38441 2.21053 0 2018-01-29 00:45:20 872
1517157921.872317149 2.72385 0.346642 2.21053 0 2018-01-29 00:45:21 872
1517157922.872339356 2.87071 0.30371 4.21053 0 2018-01-29 00:45:22 872
1517157923.872323281 2.90526 0.242621 4.21053 0 2018-01-29 00:45:23 872
1517157924.872316529 2.91774 0.154032 4.84211 0 2018-01-29 00:45:24 872
1517157925.872418790 2.88943 0.0654819 4.84211 0 2018-01-29 00:45:25 872
1517157926.872265316 2.87194 -0.0169079 4.63158 0 2018-01-29 00:45:26 872
1517157927.872477319 2.85234 -0.100758 4.63158 0 2018-01-29 00:45:27 872
1517157928.872398013 2.83145 -0.183153 4.84211 0 2018-01-29 00:45:28 872
1517157929.872300894 2.81098 -0.260895 4.84211 0 2018-01-29 00:45:29 872
1517157930.872330810 2.79039 -0.334487 6 0 2018-01-29 00:45:30 872
1517157931.872305256 2.75748 -0.407098 6 0 2018-01-29 00:45:31 872
1517157932.872865393 2.69329 -0.487201 7.05263 0 2018-01-29 00:45:32 872
1517157933.872320607 2.62887 -0.512503 7.05263 0 2018-01-29 00:45:33 872
1517157934.872347397 2.48281 -0.531254 7.89474 0 2018-01-29 00:45:34 872
1517157935.872383042 2.40301 -0.542385 7.89474 0 2018-01-29 00:45:35 872
1517157936.872488324 2.32799 -0.554573 8.8421 0 2018-01-29 00:45:36 872
1517157937.872307401 2.26693 -0.57934 8.8421 0 2018-01-29 00:45:37 872
1517157938.872335494 2.20106 -0.618746 8.10526 0 2018-01-29 00:45:38 872
1517157939.872531038 2.13009 -0.660592 8.10526 0 2018-01-29 00:45:39 872
1517157940.872586996 2.05745 -0.702178 9.05263 0 2018-01-29 00:45:40 872
1517157941.872322894 1.98532 -0.742283 9.05263 0 2018-01-29 00:45:41 872
1517157942.872337809 1.90981 -0.783066 9.36842 0 2018-01-29 00:45:42 872
1517157943.872322568 1.92606 -0.861215 9.36842 0 2018-01-29 00:45:43 872
1517157944.872353004 1.83011 -0.888201 11.0526 0 2018-01-29 00:45:44 872
1517157945.872797826 1.75296 -0.880045 11.0526 0 2018-01-29 00:45:45 872
1517157946.872341271 1.66397 -0.823426 9.1579 0 2018-01-29 00:45:46 872
1517157947.873284803 1.61306 -0.757078 9.1579 0 2018-01-29 00:45:47 872
1517157948.872348132 1.60846 -0.646502 9.78947 0 2018-01-29 00:45:48 872
1517157949.872424455 1.62442 -0.567259 9.78947 0 2018-01-29 00:45:49 872
1517157950.872353587 1.66731 -0.502592 13.2632 0 2018-01-29 00:45:50 872
1517157951.872307303 1.71409 -0.433139 13.2632 0 2018-01-29 00:45:51 872
1517157952.872434408 1.76341 -0.364279 19.7895 0 2018-01-29 00:45:52 872
1517157953.872313695 1.81387 -0.29706 19.7895 0 2018-01-29 00:45:53 872
1517157954.872350121 1.8649 -0.230992 21.0526 0 2018-01-29 00:45:54 872
1517157955.872375766 1.91804 -0.165214 21.0526 0 2018-01-29 00:45:55 872
1517157956.872372243 1.97025 -0.10264 19.2632 0 2018-01-29 00:45:56 872
1517157957.872312834 2.0266 -0.0388458 19.2632 0 2018-01-29 00:45:57 872
1517157958.872443012 2.08028 0.0192209 15.4737 0 2018-01-29 00:45:58 872
1517157959.872306882 2.15038 0.0848203 15.4737 0 2018-01-29 00:45:59 872
1517157960.872600815 2.20387 0.137242 15.1579 0 2018-01-29 00:46:00 872
1517157961.872325671 2.24583 0.209964 15.1579 0 2018-01-29 00:46:01 872
1517157962.872324908 2.26196 0.295577 13.2632 0 2018-01-29 00:46:02 872
1517157963.872301437 2.24024 0.396823 13.2632 0 2018-01-29 00:46:03 872
1517157964.872345780 2.20038 0.462709 10.4211 0 2018-01-29 00:46:04 872
1517157965.873221551 2.06304 0.494293 10.4211 0 2018-01-29 00:46:05 872
1517157966.872405559 1.98488 0.51933 6.21053 0 2018-01-29 00:46:06 872
1517157967.872670325 1.90484 0.519748 6.21053 0 2018-01-29 00:46:07 872
1517157968.872336690 1.86044 0.46139 2.52632 0 2018-01-29 00:46:08 872
1517157969.872314416 1.78016 0.440759 2.52632 0 2018-01-29 00:46:09 872
1517157970.872340790 1.69596 0.420075 1.68421 0 2018-01-29 00:46:10 872
1517157971.872316486 1.64158 0.407406 1.68421 0 2018-01-29 00:46:11 872
1517157972.872341610 1.56182 0.390059 2.10526 0 2018-01-29 00:46:12 872
1517157973.872294440 1.48357 0.374605 2.10526 0 2018-01-29 00:46:13 872
1517157974.873094167 1.39886 0.360423 2.21053 0 2018-01-29 00:46:14 872
1517157975.872321510 1.31659 0.34814 2.21053 0 2018-01-29 00:46:15 872
1517157976.872766696 1.23845 0.316043 1.68421 0 2018-01-29 00:46:16 872
1517157977.872413113 1.16782 0.272583 1.68421 0 2018-01-29 00:46:17 872
1517157978.872339953 1.08203 0.261934 1.36842 0 2018-01-29 00:46:18 872
1517157979.872308148 1.00386 0.252937 1.36842 0 2018-01-29 00:46:19 872
1517157980.872342803 0.914577 0.243864 1.89474 0 2018-01-29 00:46:20 872
1517157981.872308290 0.831956 0.236294 1.89474 0 2018-01-29 00:46:21 872
1517157982.872498002 0.748399 0.228747 1.57895 0 2018-01-29 00:46:22 872
1517157983.872439217 0.669132 0.223991 1.57895 0 2018-01-29 00:46:23 872
1517157984.872461580 0.585666 0.221325 0.631579 0 2018-01-29 00:46:24 872
1517157985.872295554 0.485323 0.196034 0.631579 0 2018-01-29 00:46:25 872
1517157986.872431618 0.399903 0.197398 0.421053 0 2018-01-29 00:46:26 872
1517157987.872376896 0.322162 0.199348 0.421053 0 2018-01-29 00:46:27 872
1517157988.872349727 0.234947 0.202782 0.421053 0 2018-01-29 00:46:28 872
1517157989.872304588 0.153358 0.206485 0.421053 0 2018-01-29 00:46:29 872
1517157990.872344713 0.134324 0.207563 0.736842 0 2018-01-29 00:46:30 872
1517157991.872322387 0.134321 0.207563 0.736842 0 2018-01-29 00:46:31 872
1517157992.872318344 0.13433 0.207562 0.736842 0 2018-01-29 00:46:32 872
1517157993.872318727 0.134319 0.207563 0.736842 0 2018-01-29 00:46:33 872
1517157994.872337549 0.134321 0.207563 0.947368 0 2018-01-29 00:46:34 872
1517157995.872315484 0.134318 0.207563 0.947368 0 2018-01-29 00:46:35 872
1517157996.872395036 0.133958 0.207578 0.631579 0 2018-01-29 00:46:36 872
1517157997.872298022 0.100175 0.210982 0.631579 0 2018-01-29 00:46:37 872
1517157998.872347990 0.0265486 0.224229 1.05263 0 2018-01-29 00:46:38 872
1517157999.872747342 -0.0451064 0.243011 1.05263 0 2018-01-29 00:46:39 872
1517158000.872334069 -0.0472967 0.243773 0.526316 0 2018-01-29 00:46:40 872
1517158001.872310911 -0.123832 0.256003 0.526316 0 2018-01-29 00:46:41 872
1517158002.872322649 -0.229406 0.236503 0.315789 0 2018-01-29 00:46:42 872
1517158003.872373502 -0.307479 0.195105 0.315789 0 2018-01-29 00:46:43 872
1517158004.872328833 -0.334584 0.103857 0.315789 0 2018-01-29 00:46:44 872
1517158005.872306455 -0.365861 0.0262299 0.315789 0 2018-01-29 00:46:45 872
1517158006.872361944 -0.360542 -0.0630993 0.421053 0 2018-01-29 00:46:46 872
1517158007.872304202 -0.300716 -0.14105 0.421053 0 2018-01-29 00:46:47 872
1517158008.872621520 -0.282514 -0.215285 0.421053 0 2018-01-29 00:46:48 872
1517158009.872311740 -0.259393 -0.276996 0.421053 0 2018-01-29 00:46:49 872
1517158010.872645778 -0.289403 -0.345104 0.421053 0 2018-01-29 00:46:50 872
1517158011.872327247 -0.327368 -0.419438 0.421053 0 2018-01-29 00:46:51 872
1517158012.872327995 -0.368669 -0.494089 0.842105 0 2018-01-29 00:46:52 872
1517158013.872258117 -0.408972 -0.563695 0.842105 0 2018-01-29 00:46:53 872
1517158014.872326731 -0.451786 -0.635271 1.47368 0 2018-01-29 00:46:54 872
1517158015.872321750 -0.496501 -0.706985 1.47368 0 2018-01-29 00:46:55 872
1517158016.872324009 -0.543306 -0.778001 1.47368 0 2018-01-29 00:46:56 872
1517158017.872792060 -0.629165 -0.862752 1.47368 0 2018-01-29 00:46:57 872
1517158018.872481342 -0.680941 -0.928186 0.736842 0 2018-01-29 00:46:58 872
1517158019.872314795 -0.725278 -1.00095 0.736842 0 2018-01-29 00:46:59 872
1517158020.872330595 -0.743293 -1.08172 0.210526 0 2018-01-29 00:47:00 872
1517158021.872405148 -0.726037 -1.16554 0.210526 0 2018-01-29 00:47:01 872
1517158022.872336936 -0.648774 -1.23957 0.315789 0 2018-01-29 00:47:02 872
1517158023.872337892 -0.590443 -1.28505 0.315789 0 2018-01-29 00:47:03 872
1517158024.872443852 -0.482038 -1.29208 0.526316 0 2018-01-29 00:47:04 872
1517158025.872300534 -0.397374 -1.29455 0.526316 0 2018-01-29 00:47:05 872
1517158026.872328626 -0.319682 -1.22338 0.947368 0 2018-01-29 00:47:06 872
1517158027.872821522 -0.251937 -1.16607 0.947368 0 2018-01-29 00:47:07 872
1517158028.872553462 -0.236615 -1.06018 0.736842 0 2018-01-29 00:47:08 872
1517158029.872321079 -0.22541 -0.997792 0.736842 0 2018-01-29 00:47:09 872
1517158030.872348390 -0.214926 -0.911374 0.315789 0 2018-01-29 00:47:10 872
1517158031.872314190 -0.204437 -0.826999 0.315789 0 2018-01-29 00:47:11 872
1517158032.872263322 -0.198381 -0.776674 0.210526 0 2018-01-29 00:47:12 872
1517158033.872562411 -0.196318 -0.720099 0.210526 0 2018-01-29 00:47:13 872
1517158034.872341800 -0.236656 -0.632366 0.421053 0 2018-01-29 00:47:14 872
1517158035.872307130 -0.23634 -0.550379 0.421053 0 2018-01-29 00:47:15 872
1517158036.872324129 -0.234835 -0.464558 0.631579 0 2018-01-29 00:47:16 872
1517158037.872312637 -0.2319 -0.384153 0.631579 0 2018-01-29 00:47:17 872
1517158038.872351095 -0.226854 -0.297458 0.947368 0 2018-01-29 00:47:18 872
1517158039.872245538 -0.221402 -0.218277 0.947368 0 2018-01-29 00:47:19 872
1517158040.872337747 -0.213897 -0.131521 0.842105 0 2018-01-29 00:47:20 872
1517158041.872307453 -0.205931 -0.0491929 0.842105 0 2018-01-29 00:47:21 872
1517158042.872346275 -0.207057 0.0427327 0.631579 0 2018-01-29 00:47:22 872
1517158043.872445463 -0.195713 0.122183 0.631579 0 2018-01-29 00:47:23 872
1517158044.872335323 -0.182745 0.205273 0.526316 0 2018-01-29 00:47:24 872
1517158045.872373624 -0.169261 0.286799 0.526316 0 2018-01-29 00:47:25 872
1517158046.872337288 -0.154471 0.372004 0.315789 0 2018-01-29 00:47:26 872
1517158047.872305067 -0.139227 0.453679 0.315789 0 2018-01-29 00:47:27 872
1517158048.872320086 -0.122509 0.535578 0.315789 0 2018-01-29 00:47:28 872
1517158049.872329012 -0.120466 0.545083 0.315789 0 2018-01-29 00:47:29 872
1517158050.872336062 -0.106515 0.586554 0.421053 0 2018-01-29 00:47:30 872
1517158051.872566347 -0.05964 0.656762 0.421053 0 2018-01-29 00:47:31 872
1517158052.872328548 0.0465697 0.705441 0.526316 0 2018-01-29 00:47:32 872
1517158053.872389871 0.119795 0.711984 0.526316 0 2018-01-29 00:47:33 872
1517158054.872538435 0.197283 0.669776 0.526316 0 2018-01-29 00:47:34 872
1517158055.872309750 0.258394 0.630377 0.526316 0 2018-01-29 00:47:35 872
1517158056.872342531 0.336418 0.589926 0.526316 0 2018-01-29 00:47:36 872
1517158057.872314007 0.441689 0.539803 0.526316 0 2018-01-29 00:47:37 872
1517158058.872883468 0.529042 0.552164 0.421053 0 2018-01-29 00:47:38 872
1517158059.872306545 0.589061 0.636076 0.421053 0 2018-01-29 00:47:39 872
1517158060.872336200 0.612918 0.657791 0.210526 0 2018-01-29 00:47:40 872
1517158061.872564038 0.612939 0.657722 0.210526 0 2018-01-29 00:47:41 872
1517158062.872331290 0.612947 0.657703 0.105263 0 2018-01-29 00:47:42 872
1517158063.872306309 0.612952 0.6577 0.105263 0 2018-01-29 00:47:43 872
1517158064.872336745 0.612951 0.657697 0.105263 0 2018-01-29 00:47:44 872
1517158065.872305514 0.612952 0.657697 0.105263 0 2018-01-29 00:47:45 872
1517158066.872364492 0.612951 0.657697 0.526316 0 2018-01-29 00:47:46 872
1517158067.872304770 0.612951 0.657697 0.526316 0 2018-01-29 00:47:47 872
1517158068.872340311 0.612951 0.657697 0.736842 0 2018-01-29 00:47:48 872
1517158069.872341372 0.612951 0.657697 0.736842 0 2018-01-29 00:47:49 872
1517158070.872372225 0.612951 0.657697 0.315789 0 2018-01-29 00:47:50 872
1517158071.872311930 0.612951 0.657697 0.315789 0 2018-01-29 00:47:51 872
1517158072.872677479 0.612951 0.657697 0.421053 0 2018-01-29 00:47:52 872
1517158073.872311968 0.612951 0.657697 0.421053 0 2018-01-29 00:47:53 872
1517158074.872331779 0.612951 0.657697 0.421053 0 2018-01-29 00:47:54 872
1517158075.872326746 0.612951 0.657697 0.421053 0 2018-01-29 00:47:55 872
1517158076.872329838 0.612951 0.657697 0.421053 0 2018-01-29 00:47:56 872
1517158077.872302252 0.612951 0.657697 0.421053 0 2018-01-29 00:47:57 872
1517158078.872344356 0.612951 0.657697 0.315789 0 2018-01-29 00:47:58 872
1517158079.872335729 0.612951 0.657697 0.315789 0 2018-01-29 00:47:59 872
1517158080.872386791 0.612951 0.657697 0.105263 0 2018-01-29 00:48:00 872
1517158081.872306808 0.612951 0.657697 0.105263 0 2018-01-29 00:48:01 872
1517158082.872331098 0.612951 0.657697 0.105263 0 2018-01-29 00:48:02 872
1517158083.872327523 0.612951 0.657697 0.105263 0 2018-01-29 00:48:03 872
1517158084.872335303 0.612951 0.657697 0.210526 0 2018-01-29 00:48:04 872
1517158085.872320894 0.612951 0.657697 0.210526 0 2018-01-29 00:48:05 872
1517158086.872356383 0.612951 0.657697 0.315789 0 2018-01-29 00:48:06 872
1517158087.872307911 0.612951 0.657697 0.315789 0 2018-01-29 00:48:07 872
1517158088.872330900 0.612951 0.657697 0.421053 0 2018-01-29 00:48:08 872
1517158089.872308887 0.612951 0.657697 0.421053 0 2018-01-29 00:48:09 872
1517158090.872272707 0.612951 0.657697 0.210526 0 2018-01-29 00:48:10 872
1517158091.872303092 0.612951 0.657697 0.210526 0 2018-01-29 00:48:11 872
1517158092.872340559 0.612951 0.657697 0.315789 0 2018-01-29 00:48:12 872
1517158093.872311828 0.612951 0.657697 0.315789 0 2018-01-29 00:48:13 872
1517158094.872416797 0.612951 0.657697 0.421053 0 2018-01-29 00:48:14 872
1517158095.872309782 0.612951 0.657697 0.421053 0 2018-01-29 00:48:15 872
1517158096.872365115 0.612951 0.657697 0.631579 0 2018-01-29 00:48:16 872
1517158097.872564671 0.612951 0.657697 0.631579 0 2018-01-29 00:48:17 872
1517158098.872347340 0.612951 0.657697 0.526316 0 2018-01-29 00:48:18 872
1517158099.872300067 0.612951 0.657697 0.526316 0 2018-01-29 00:48:19 872
1517158100.872324305 0.612951 0.657697 0.631579 0 2018-01-29 00:48:20 872
1517158101.872308647 0.612951 0.657697 0.631579 0 2018-01-29 00:48:21 872
1517158102.872350281 0.612951 0.657697 0.526316 0 2018-01-29 00:48:22 872
1517158103.872305039 0.612951 0.657697 0.526316 0 2018-01-29 00:48:23 872
1517158104.872333652 0.612951 0.657697 0.842105 0 2018-01-29 00:48:24 872
1517158105.872315442 0.612951 0.657697 0.842105 0 2018-01-29 00:48:25 872
1517158106.872333899 0.612951 0.657697 0.947368 0 2018-01-29 00:48:26 872
1517158107.872382304 0.612951 0.657697 0.947368 0 2018-01-29 00:48:27 872
1517158108.872325551 0.612951 0.657697 0.631579 0 2018-01-29 00:48:28 872
1517158109.872335310 0.612951 0.657697 0.631579 0 2018-01-29 00:48:29 872
1517158110.872512104 0.612951 0.657697 0.315789 0 2018-01-29 00:48:30 872
1517158111.872269930 0.612951 0.657697 0.315789 0 2018-01-29 00:48:31 872
1517158112.872591832 0.612951 0.657697 0.210526 0 2018-01-29 00:48:32 872
1517158113.872316219 0.612951 0.657697 0.210526 0 2018-01-29 00:48:33 872
1517158114.872332019 0.612951 0.657697 0.210526 0 2018-01-29 00:48:34 872
1517158115.872307975 0.612951 0.657697 0.210526 0 2018-01-29 00:48:35 872
1517158116.872336120 0.612951 0.657697 0.105263 0 2018-01-29 00:48:36 872
1517158117.872321972 0.612951 0.657697 0.105263 0 2018-01-29 00:48:37 872
1517158118.872347200 0.612951 0.657697 0.105263 0 2018-01-29 00:48:38 872
1517158119.872313208 0.612951 0.657697 0.105263 0 2018-01-29 00:48:39 872
1517158120.872342446 0.612951 0.657697 0.210526 0 2018-01-29 00:48:40 872
1517158121.872298714 0.612951 0.657697 0.210526 0 2018-01-29 00:48:41 872
1517158122.872336599 0.612951 0.657697 0.210526 0 2018-01-29 00:48:42 872
1517158123.872324951 0.612951 0.657697 0.210526 0 2018-01-29 00:48:43 872
1517158124.872360596 0.612951 0.657697 0.315789 0 2018-01-29 00:48:44 872
1517158125.872311916 0.612951 0.657697 0.315789 0 2018-01-29 00:48:45 872
1517158126.872344748 0.612951 0.657697 0.526316 0 2018-01-29 00:48:46 872
1517158127.872313673 0.612951 0.657697 0.526316 0 2018-01-29 00:48:47 872
1517158128.872335828 0.612951 0.657697 0.421053 0 2018-01-29 00:48:48 872
1517158129.872324284 0.612951 0.657697 0.421053 0 2018-01-29 00:48:49 872
1517158130.872339407 0.612951 0.657697 0.210526 0 2018-01-29 00:48:50 872
1517158131.872324582 0.612951 0.657697 0.210526 0 2018-01-29 00:48:51 872
1517158132.872272673 0.612951 0.657697 0.105263 0 2018-01-29 00:48:52 872
1517158133.872814685 0.612951 0.657697 0.105263 0 2018-01-29 00:48:53 872
1517158134.872360890 0.612951 0.657697 0.210526 0 2018-01-29 00:48:54 872
1517158135.872318252 0.612951 0.657697 0.210526 0 2018-01-29 00:48:55 872
1517158136.872349105 0.612951 0.657697 0.105263 0 2018-01-29 00:48:56 872
1517158137.872304175 0.612951 0.657697 0.105263 0 2018-01-29 00:48:57 872
1517158138.872273777 0.612951 0.657697 0.315789 0 2018-01-29 00:48:58 872
1517158139.872286609 0.612951 0.657697 0.315789 0 2018-01-29 00:48:59 872
1517158140.872337566 0.612951 0.657697 0.421053 0 2018-01-29 00:49:00 872
1517158141.872312585 0.612951 0.657697 0.421053 0 2018-01-29 00:49:01 872
1517158142.872335469 0.612951 0.657697 0.315789 0 2018-01-29 00:49:02 872
1517158143.872307206 0.612951 0.657697 0.315789 0 2018-01-29 00:49:03 872
1517158144.872336809 0.612951 0.657697 0.105263 0 2018-01-29 00:49:04 872
1517158145.872380736 0.612951 0.657697 0.105263 0 2018-01-29 00:49:05 872
1517158146.872345545 0.612951 0.657697 0.421053 0 2018-01-29 00:49:06 872
1517158147.872336606 0.612951 0.657697 0.421053 0 2018-01-29 00:49:07 872
1517158148.872592777 0.612951 0.657697 0.631579 0 2018-01-29 00:49:08 872
1517158149.872264663 0.612951 0.657697 0.631579 0 2018-01-29 00:49:09 872
1517158150.872253119 0.612951 0.657697 0.736842 0 2018-01-29 00:49:10 872
1517158151.872299598 0.612951 0.657697 0.736842 0 2018-01-29 00:49:11 872
1517158152.872290971 0.612951 0.657697 0.315789 0 2018-01-29 00:49:12 872
1517158153.872262291 0.612951 0.657697 0.315789 0 2018-01-29 00:49:13 872
1517158154.872217205 0.612951 0.657697 0.315789 0 2018-01-29 00:49:14 872

